,Lapwing_ID,Test_Number,Urban,TimeStandingSec,area_explored,dummy enter,Head bob,Pose-fly,Puff,Scream,scrining,Shaking head,Tail wingle,Fly_Sequences,Mean_Time_Fly_sec,Total_Time_Fly_sec,SD_Time_Fly_sec,WalkingMeters,PercentageInCameraView,Date,Time,Trial_order,Weight,Year,Sex,Nest_X,Nest_Y,Initial_weight,TimeInCenter,TimeInPeri,TotalLocationsVisited,NumberOfHighExploration,NumberOfMedianExploration,NumberOfLowExploration,MinDisplacementDummy,Experiment,Head.BobBi1,PoseflyBi0,PuffBi0,ScreamBi2,scriningBi0,ShakingheadBi0,Tail.wingleBi1,Fly_Sequencessqrt,Total_Time_Fly_secSqrt,NumStopsLocations,TotalTimeStoped,MinDisplacementDummyBi120,LogWalkingMeters,ShowCameraBi50,TimeInCenter1,TimeInPeri98,NumberOfHighExploration0,MedianDisplacementCoresqrt,Months,WeightLoss,PC1_Stress,PC2_Tolerance,Initial SMI,Urban250,Experimental SMI
1,22720,1,0,83.7,5.77,1,0,0,0,0,0,0,3,1,3.34,3.34,NA,5.92,71,03/05/2022,8:52:00,1,180,2022,Male,32.525621,35.443768,189,2.5,97.5,9,1,1,7,57.98,CST,0,0,0,0,0,0,1,1,1.827566688,125,2,0,1.778336449,1,1,0,1,16.56502339,5,-4.761904762,1.262962962,-0.841133696,189.7872056,0,180.5194976
2,22720,2,0,133.3,19.23,1,0,1,1,0,0,0,2,1,6.56,6.56,NA,7.44,100,10/05/2022,10:39:00,5,189,2022,Male,32.525621,35.443768,189,75.8,24.2,30,1,1,28,111.78,CST,0,1,1,0,0,0,1,1,2.561249695,171,4,0,2.006870849,1,1,0,1,17.12600362,5,0,2.306958105,-0.628165499,189.7872056,0,189.5454724
3,22720,3,0,126.43,14.74,1,0,0,0,0,2,1,1,0,0,0,NA,11.78,100,17/05/2022,8:44:00,1,183,2022,Male,32.525621,35.443768,189,0,100,23,0,2,21,205.9,CST,0,0,0,0,1,1,0,0,0,161,11,1,2.466403178,1,0,0,0,17.11344501,5,-3.174603175,1.386916542,-1.321808541,189.7872056,0,183.5281558
4,22726,1,0,9.6,24.36,1,3,0,0,4,0,0,0,5,4.12,20.58,0.89,17.66,23,10/05/2022,8:56:00,2,166,2022,Male,32.527179,35.445369,177,0.1,99.9,38,0,0,38,117,CST,1,0,0,1,0,0,0,2.236067977,4.536518489,6,4,0,2.871302195,0,0,0,0,13.45511055,5,-6.214689266,-0.094554976,2.096760799,176.898812,0,165.9341943
5,22726,2,0,78.43,32.69,1,2,2,0,2,0,0,2,6,4.58,27.47,1.44,12.87,73,17/05/2022,10:59:00,5,170,2022,Male,32.527179,35.445369,177,2.2,97.8,51,1,0,50,0.66,CST,1,1,0,0,0,0,1,2.449489743,5.241183073,107,8,0,2.554899022,1,1,0,1,17.40114939,5,-3.95480226,-0.027023922,1.355478551,176.898812,0,169.9326087
6,22726,3,0,51.3,26.28,1,0,0,0,5,0,0,0,4,4.57,18.27,1.17,72.75,96,24/05/2022,12:41:00,8,168,2022,Male,32.527179,35.445369,177,0.5,99.5,41,0,1,40,62.52,CST,0,0,0,1,0,0,0,2,4.274342055,45,30,0,4.287028906,1,0,0,0,17.94965181,5,-5.084745763,-2.242711842,-0.84615533,176.898812,0,167.9334015
7,22727,1,0,81.4,14.1,1,5,1,1,0,1,1,4,3,5.96,17.88,0.73,8.02,76,10/05/2022,8:26:00,1,181,2022,Male,32.524517,35.444488,188,4,96,22,1,0,21,86.96,CST,1,1,1,0,1,1,1,1.732050808,4.228474902,122,9,0,2.081938422,1,1,0,1,17.86113098,5,-3.723404255,1.905496408,-0.467716677,188.7830405,0,181.5223837
8,22727,2,0,102.33,23.72,1,2,2,1,0,0,1,3,4,4.28,17.11,0.54,15.16,92,17/05/2022,10:00:00,3,182,2022,Male,32.524517,35.444488,188,23.2,76.8,37,0,1,36,136.79,CST,1,1,1,0,0,1,1,2,4.136423576,132,14,1,2.71866038,1,1,0,0,15.87450787,5,-3.191489362,2.041294069,0.780659082,188.7830405,0,182.5252698
9,22727,3,0,56.63,39.74,1,0,0,0,7,0,0,1,2,3.72,7.45,2,61.94,95,24/05/2022,9:41:00,3,185,2022,Male,32.524517,35.444488,188,3.1,96.9,62,0,2,60,73.67,CST,0,0,0,1,0,0,0,1.414213562,2.729468813,49,23,0,4.126166175,1,1,0,0,17.48427865,5,-1.595744681,-2.090613706,-0.444707603,188.7830405,0,185.533928
10,22728,1,0,66.8,5.77,1,2,0,1,2,0,0,3,3,4.27,12.81,0.87,5.52,57,10/05/2022,10:02:00,4,165,2022,Female,32.527179,35.445369,175,0,100,9,1,0,8,65.7,CST,1,0,1,0,0,0,1,1.732050808,3.579106034,94,4,0,1.70837786,1,0,0,1,17.73414785,5,-5.714285714,2.277213146,-0.95947447,177.4109222,0,166.5728156
11,22728,2,0,80.6,14.74,1,3,0,0,0,0,0,2,2,4.8,9.6,0.02,13.06,78,17/05/2022,9:23:00,2,179,2022,Female,32.527179,35.445369,175,0.1,99.9,23,0,0,23,57.51,CST,1,0,0,0,0,0,1,1.414213562,3.098386677,119,9,0,2.569554124,1,0,0,0,17.24789842,5,2.285714286,0.857784402,-0.122088344,177.4109222,0,180.7062666
12,22728,3,0,96.97,28.85,1,3,0,1,1,0,0,3,2,4.81,9.62,0.1,21.03,100,24/05/2022,8:25:00,1,174,2022,Female,32.527179,35.445369,175,1.2,98.8,45,1,1,43,157.92,CST,1,0,1,0,0,0,1,1.414213562,3.101612484,137,9,1,3.04594999,1,1,0,1,17.19941859,5,-0.571428571,1.417136819,-0.126439723,177.4109222,0,175.6586056
13,22729,1,0,126.6,10.9,1,3,0,1,0,0,0,4,2,5.66,11.32,1.73,5.92,96,10/05/2022,9:33:00,3,188,2022,Female,32.524517,35.444488,189,0.1,99.9,17,2,0,15,39.8,CST,1,0,1,0,0,0,1,1.414213562,3.364520768,167,2,0,1.778336449,1,0,0,1,15.32416392,5,-0.529100529,3.68879254,0.683634903,187.1269059,0,186.7061634
14,22729,2,0,115.4,12.18,1,1,0,0,0,0,0,1,4,6,24.02,1.43,9.53,94,17/05/2022,10:24:00,4,177,2022,Female,32.524517,35.444488,189,0.2,99.8,19,0,4,15,82.64,CST,0,0,0,0,0,0,0,2,4.901020302,157,8,0,2.254444718,1,0,0,0,16.35053516,5,-6.349206349,0.889559623,0.620598458,187.1269059,0,175.7818666
15,22729,3,0,47.5,25,1,0,0,0,0,0,0,2,3,6.13,18.38,1.28,5.43,37,24/05/2022,11:29:00,6,180,2022,Female,32.524517,35.444488,189,1.5,98.5,39,0,1,38,30.08,CST,0,0,0,0,0,0,1,1.732050808,4.287190222,53,2,0,1.691939134,0,1,0,0,16.34931191,5,-4.761904762,-0.132095839,0.805924099,187.1269059,0,178.7612203
16,22737,1,0,100.6,19.87,1,2,0,0,0,0,0,10,2,4.83,9.66,0.6,14.1,93,24/05/2022,10:16:00,4,173,2022,Male,32.536023,35.415447,194,37.4,62.6,31,0,2,29,99.76,CST,1,0,0,0,0,0,1,1.414213562,3.108054054,136,15,0,2.646174797,1,1,0,0,17.28293956,5,-10.82474227,0.982599806,0.189554531,194.8080312,0,173.4992949
17,22737,2,0,79.07,44.23,1,1,1,0,25,0,0,3,6,5.18,31.06,1.78,29.24,94,31/05/2022,9:35:00,4,173,2022,Male,32.536023,35.415447,194,3,97,69,0,1,68,43.74,CST,0,1,0,1,0,0,1,2.449489743,5.573149917,98,24,0,3.375537635,1,1,0,0,17.07044229,5,-10.82474227,-1.652697673,1.345895953,194.8080312,0,173.4992949
18,22737,3,0,107.77,18.59,1,0,0,0,6,0,0,3,2,5.2,10.4,0.2,21.71,100,07/06/2022,12:39:00,10,178,2022,Male,32.536023,35.415447,194,40.6,59.4,29,0,1,28,144.66,CST,0,0,0,1,0,0,1,1.414213562,3.224903099,127,22,1,3.077772984,1,1,0,0,16.50151508,6,-8.24742268,0.232168856,-0.083125767,194.8080312,0,178.5137254
19,22738,1,0,74.73,31.41,1,0,0,0,7,0,0,2,3,4.92,14.75,1.11,27.8,87,24/05/2022,10:52:00,5,168,2022,Male,32.536876,35.415569,180,2.2,97.8,49,1,0,48,137.34,CST,0,0,0,1,0,0,1,1.732050808,3.840572874,100,16,1,3.325036021,1,1,0,1,16.25176913,5,-6.666666667,-0.877149493,0.548622298,180.7497196,0,168.4848644
20,22738,2,0,55.87,38.46,1,3,0,0,39,0,0,2,5,3.81,19.04,0.78,32.57,75,31/05/2022,9:05:00,3,170,2022,Male,32.536876,35.415569,180,26.9,73.1,60,0,0,60,32.29,CST,1,0,0,1,0,0,1,2.236067977,4.363484846,84,17,0,3.483391619,1,1,0,0,17.29074897,5,-5.555555556,-1.038594186,0.894150234,180.7497196,0,170.4906366
21,22738,3,0,60.17,33.33,1,0,0,0,139,0,0,2,4,5.2,20.82,2.15,47.41,86,07/06/2022,11:02:00,8,167,2022,Male,32.536876,35.415569,180,2.4,97.6,52,0,1,51,63.73,CST,0,0,0,1,0,0,1,2,4.562893819,85,18,0,3.858833177,1,1,0,0,16.30950643,6,-7.222222222,-1.653323343,0.572736033,180.7497196,0,167.4819783
22,22739,1,0,88.67,43.59,1,11,4,0,5,0,0,3,6,5.4,32.37,1.25,14.15,92,24/05/2022,9:15:00,2,176,2022,Female,32.536876,35.415569,189,16.2,83.8,68,0,1,67,42.79,CST,1,1,0,1,0,0,1,2.449489743,5.689463947,127,21,0,2.649714624,1,1,0,0,15.38830725,5,-6.878306878,0.188783382,2.998283598,185.3950081,0,173.6654912
23,22739,2,0,92.97,41.67,1,6,0,0,11,1,0,1,8,4.76,38.12,1.87,17.33,93,31/05/2022,8:40:00,2,176,2022,Female,32.536876,35.415569,189,1.8,98.2,65,0,3,62,74.37,CST,1,0,0,1,1,0,0,2.828427125,6.174139616,128,16,0,2.852439104,1,1,0,0,16.13133596,5,-6.878306878,-0.071804885,2.670938047,185.3950081,0,173.6654912
24,22739,3,0,80.33,48.08,1,1,0,0,6,0,0,0,9,4.52,40.64,1.92,20.95,85,07/06/2022,8:34:00,3,177,2022,Female,32.536876,35.415569,189,6.2,93.8,75,0,2,73,38.35,CST,0,0,0,1,0,0,0,3,6.37495098,101,17,0,3.042138646,1,1,0,0,15.53705249,6,-6.349206349,-1.263342483,2.662803019,185.3950081,0,174.6522269
25,22740,1,97.72,95.23,51.92,1,16,0,0,10,0,0,2,5,5.64,28.21,0.51,18.15,92,24/05/2022,12:13:00,7,150,2022,Female,32.504349,35.459827,173,7.8,92.2,81,0,1,80,51.59,CST,1,0,0,1,0,0,1,2.236067977,5.31130869,119,16,0,2.898670561,1,1,0,0,17.20232542,5,-13.29479769,-0.488763139,2.328546103,177.9390365,86.32,152.9564269
26,22740,2,97.72,120.43,29.49,1,4,0,0,11,0,0,2,5,4.71,23.53,2.14,12.2,99,31/05/2022,10:34:00,6,155,2022,Female,32.504349,35.459827,173,1.4,98.6,46,1,1,44,77.06,CST,1,0,0,1,0,0,1,2.236067977,4.850773134,149,16,0,2.501435952,1,1,0,1,17.2307864,5,-10.40462428,0.895284607,1.424461493,177.9390365,86.32,158.0549745
27,22740,3,97.72,94.7,42.31,1,10,0,0,0,0,0,0,4,7.24,28.94,1.85,15.99,95,07/06/2022,14:48:00,13,156,2022,Female,32.504349,35.459827,173,3,97,66,0,2,64,31.32,CST,1,0,0,0,0,0,0,2,5.379591063,109,18,0,2.771963527,1,1,0,0,16.30582718,6,-9.826589595,0.066853149,2.38428343,177.9390365,86.32,159.074684
28,22745,1,0,105.03,18.59,1,6,0,0,0,0,0,0,3,4.31,12.93,0.76,11.23,88,31/05/2022,10:02:00,5,169,2022,Male,32.516343,35.482869,186,35.4,64.6,29,0,1,28,141.82,CST,1,0,0,0,0,0,0,1.732050808,3.595830919,130,18,1,2.418588769,1,1,0,0,17.94993036,5,-9.139784946,1.014684374,0.089421731,182.4522302,0,166.7583409
29,22745,2,0,104.97,12.82,1,14,0,1,9,0,0,3,5,4.49,22.47,0.88,12.78,91,07/06/2022,10:36:00,7,177,2022,Male,32.516343,35.482869,186,14.8,85.2,20,0,0,20,76.7,CST,1,0,1,1,0,0,1,2.236067977,4.740253158,136,10,0,2.547881449,1,1,0,0,17.42699056,6,-4.838709677,2.048309344,-0.176524,182.4522302,0,174.6522269
30,22745,3,0,96.17,29.49,1,1,0,0,0,0,2,2,5,4.25,21.27,0.49,20.4,97,13/06/2022,12:00:00,9,176,2022,Male,32.516343,35.482869,186,0.2,99.8,46,1,1,44,95.28,CST,0,0,0,0,0,1,1,2.236067977,4.611941023,135,19,0,3.015534901,1,0,0,1,16.66133248,6,-5.376344086,-0.468392914,0.770601547,182.4522302,0,173.6654912
31,22746,1,0,83,23.72,1,1,0,0,0,0,0,3,8,4.63,37.02,0.93,12.82,80,31/05/2022,8:13:00,1,179,2022,Female,32.516343,35.482869,186,0.2,99.8,37,0,2,35,24.03,CST,0,0,0,0,0,0,1,2.828427125,6.084406298,113,9,0,2.551006451,1,0,0,0,17.8409641,5,-3.76344086,-0.707783733,0.54069591,188.5624659,0,180.7062666
32,22746,2,0,106.07,29.49,1,0,0,0,0,1,0,0,6,5.22,31.34,1.07,13.79,90,07/06/2022,14:12:00,12,175,2022,Female,32.516343,35.482869,186,0.4,99.6,46,0,1,45,33.48,CST,0,0,0,0,1,0,0,2.449489743,5.598214001,139,9,0,2.623943692,1,0,0,0,17.67766953,6,-5.913978495,-0.427696374,0.82608019,188.5624659,0,176.6681378
33,22746,3,0,100.23,36.54,1,0,0,0,0,0,0,4,6,5.04,30.24,0.98,14.2,95,13/06/2022,10:06:00,5,170,2022,Female,32.516343,35.482869,186,10.8,89.2,57,0,2,55,19.89,CST,0,0,0,0,0,0,1,2.449489743,5.499090834,151,7,0,2.653241965,1,1,0,0,17.60170446,6,-8.602150538,-0.711927799,1.106424299,188.5624659,0,171.6204767
34,22747,1,0,124.2,16.67,1,1,1,1,1,1,1,2,1,3.57,3.57,NA,7.36,92,31/05/2022,11:00:00,7,167,2022,Female,32.53295,35.451315,185,3.7,96.3,26,1,1,24,67.04,CST,0,1,1,0,1,1,1,1,1.889444363,151,6,0,1.996059933,1,1,0,1,17.11724277,5,-9.72972973,2.335802746,-1.021614773,185.7705452,0,167.4819783
35,22747,2,0,114.47,33.97,1,0,0,1,0,0,0,5,3,6.75,20.25,1.2,12.45,100,07/06/2022,7:39:00,1,174,2022,Female,32.53295,35.451315,185,45.9,54.1,53,0,2,51,66.8,CST,0,0,1,0,0,0,1,1.732050808,4.5,151,12,0,2.521720623,1,1,0,0,16.6403125,6,-5.945945946,1.062337711,0.643195883,185.7705452,0,174.502181
36,22747,3,0,86.2,42.31,1,0,6,0,0,0,0,2,6,5.5,32.98,0.91,16.16,81,13/06/2022,8:37:00,2,170,2022,Female,32.53295,35.451315,185,14.6,85.4,66,0,0,66,24.45,CST,0,1,0,0,0,0,1,2.449489743,5.742821606,99,16,0,2.782539053,1,1,0,0,17.25688268,6,-8.108108108,-1.148601024,1.488880782,185.7705452,0,170.4906366
37,22748,1,0,73.03,25.64,1,0,0,0,13,0,0,1,4,4.62,18.5,1.36,11.01,65,07/06/2022,10:03:00,6,168,2022,Male,32.528303,35.413532,174,0.1,99.9,40,0,1,39,91.02,CST,0,0,0,1,0,0,0,2,4.301162634,98,7,0,2.398803951,1,0,0,0,17.32916617,6,-3.448275862,-0.442032767,0.259642161,174.724729,0,168.4848644
38,22748,2,0,39.67,13.46,1,0,0,0,5,0,0,0,4,5.43,21.71,2.97,4.02,33,13/06/2022,10:40:00,6,161,2022,Male,32.528303,35.413532,174,0.2,99.8,21,0,1,20,43.72,CST,0,0,0,1,0,0,0,2,4.659399103,54,2,0,1.391281903,0,0,0,0,16.26345597,6,-7.471264368,0.235218925,0.510636917,174.724729,0,161.4646617
39,22748,3,0,64.7,19.23,1,1,0,1,3,0,2,3,3,4.64,13.93,0.53,7.85,57,21/06/2022,10:03:00,5,162,2022,Male,32.528303,35.413532,174,0,100,30,0,1,29,198.12,CST,0,0,1,1,0,1,1,1.732050808,3.732291521,87,7,1,2.060513532,1,0,0,0,16.46815108,6,-6.896551724,1.119399814,-0.336922835,174.724729,0,162.4675478
40,22749,1,0,116.17,16.03,1,0,0,1,8,0,0,2,2,4.73,9.46,1.08,12.17,100,07/06/2022,13:38:00,11,172,2022,Female,32.528303,35.413532,186,5.9,94.1,25,1,1,23,115.34,CST,0,0,1,1,0,0,1,1.414213562,3.0757113,129,16,0,2.498973907,1,1,0,1,18.22635454,6,-7.52688172,1.440907088,-1.409107463,189.4694298,0,174.2182035
41,22749,2,0,92.67,33.97,1,0,1,1,5,0,0,2,6,5.18,31.07,2.28,21.73,88,13/06/2022,11:08:00,7,162,2022,Female,32.528303,35.413532,186,8.3,91.7,53,0,0,53,94.46,CST,0,1,1,1,0,0,1,2.449489743,5.574047004,103,22,0,3.078693794,1,1,0,0,17.72004515,6,-12.90322581,-0.092505831,0.159179355,189.4694298,0,164.0892381
42,22749,3,0,62.47,18.59,1,0,0,0,4,0,0,1,0,0,0,NA,56.9,100,21/06/2022,13:16:00,11,171,2022,Female,32.528303,35.413532,186,0,100,29,0,1,28,157.43,CST,0,0,0,1,0,0,0,0,0,45,15,1,4.041295341,1,0,0,0,17.47569741,6,-8.064516129,-0.936119071,-2.280941577,189.4694298,0,173.2053069
43,22750,1,0,98.1,14.74,1,0,0,0,12,0,0,3,3,4.82,14.47,1.21,8.02,83,07/06/2022,9:36:00,5,168,2022,Female,32.538802,35.410296,179,1.6,98.4,23,0,1,22,6.42,CST,0,0,0,1,0,0,1,1.732050808,3.80394532,121,17,0,2.081938422,1,1,0,0,18.14386949,6,-6.145251397,0.374183808,-0.535198878,184.1103325,0,171.3111982
44,22750,2,0,101.67,39.1,1,0,0,0,1,0,0,3,4,5.41,21.64,0.47,20.13,96,13/06/2022,9:35:00,4,180,2022,Female,32.538802,35.410296,179,1.2,98.8,61,0,2,59,41.66,CST,0,0,0,0,0,0,1,2,4.65188134,136,16,0,3.00221124,1,1,0,0,17.00588134,6,0.558659218,-0.72970561,1.097575086,184.1103325,0,183.5477123
45,22750,3,0,63.03,18.59,1,2,0,1,0,0,1,4,1,3.85,3.85,NA,50.24,100,21/06/2022,11:11:00,7,174,2022,Female,32.538802,35.410296,179,0,100,29,0,1,28,148.82,CST,1,0,1,0,0,1,1,1,1.962141687,61,34,1,3.916811522,1,0,0,0,17.29364045,6,-2.793296089,0.699570806,-1.55667632,184.1103325,0,177.4294552
46,32419,1,55.84,111.57,24.36,1,3,5,0,0,0,0,2,4,4.4,17.59,0.41,11.36,100,22/06/2020,13:17:00,5,160,2020,Female,32.451363,35.015859,181,25.4,74.6,38,0,1,37,70.25,CST,1,1,0,0,0,0,1,2,4.194043395,134,24,0,2.430098413,1,1,0,0,16.94107435,6,-11.60220994,1.10744647,1.076690882,177.5476004,65.8,157.8777192
47,32419,2,55.84,83.93,25.64,1,1,4,0,0,0,0,1,1,4.38,4.38,NA,21.96,100,29/06/2020,10:59:00,3,172,2020,Female,32.451363,35.015859,181,4.2,95.8,40,0,1,39,39.85,CST,0,1,0,0,0,0,0,1,2.092844954,106,32,0,3.089222617,1,1,0,0,17.03232221,6,-4.972375691,-0.334546734,-0.547394062,177.5476004,65.8,169.7185482
48,32419,3,55.84,38.1,25.64,1,0,0,1,0,0,1,1,1,3,3,NA,76.24,100,06/07/2020,10:02:00,2,171,2020,Female,32.451363,35.015859,181,0.1,99.9,40,0,1,39,45.79,CST,0,0,1,0,0,1,0,1,1.732050808,20,18,0,4.333886259,1,0,0,0,17.96106901,7,-5.524861878,-1.108922681,-2.444347588,177.5476004,65.8,168.7318124
49,32420,1,83.34,54.93,21.79,1,0,0,0,13,0,0,0,3,3.87,11.61,1.18,14.32,52,22/06/2020,12:36:00,4,172,2020,Male,32.444244,34.973546,195,10.4,89.6,34,0,2,32,88.32,CST,0,0,0,1,0,0,0,1.732050808,3.407345007,68,6,0,2.661657162,1,1,0,0,17.27425831,6,-11.79487179,-0.667520374,-0.40175038,195.8121963,74.93,172.4964088
50,32420,2,83.34,80.93,18.59,1,0,0,1,2,0,0,0,3,3.48,10.44,0.17,6.04,67,29/06/2020,12:02:00,5,178,2020,Male,32.444244,34.973546,195,0.7,99.3,29,1,1,27,38.81,CST,0,0,1,0,0,0,0,1.732050808,3.231098884,107,3,0,1.798404012,1,0,0,1,17.52426889,6,-8.717948718,1.402940758,-0.850683119,195.8121963,74.93,178.5137254
51,32420,3,83.34,37.3,9.62,1,0,0,0,0,0,0,0,0,0,0,NA,47.97,87,06/07/2020,11:12:00,4,182,2020,Male,32.444244,34.973546,195,0,100,15,0,0,15,211.77,CST,0,0,0,0,0,0,0,0,0,37,24,1,3.870575816,1,0,0,0,16.57105911,7,-6.666666667,-0.766182656,-2.344703254,195.8121963,74.93,182.5252698
52,32421,1,51,141.23,13.46,1,1,0,0,0,0,0,0,2,3.2,6.4,1.33,4.66,96,22/06/2020,11:55:00,3,175,2020,Male,32.451819,35.015313,193,3,97,21,1,1,19,53.32,CST,0,0,0,0,0,0,0,1.414213562,2.529822128,159,7,0,1.539015448,1,1,0,1,16.87898101,6,-9.32642487,1.983793178,0.031005304,193.8038661,55.29,175.5050671
53,32421,2,51,72.53,21.15,1,1,0,0,0,0,0,2,1,6.77,6.77,NA,41.09,95,29/06/2020,11:32:00,4,182,2020,Male,32.451819,35.015313,193,0.1,99.9,33,0,2,31,138.7,CST,0,0,0,0,0,0,1,1,2.601922366,77,33,1,3.715764783,1,0,0,0,17.50571335,6,-5.699481865,-1.007941129,-1.10516829,193.8038661,55.29,182.5252698
54,32421,3,51,77.77,34.62,1,0,0,0,0,0,0,0,3,5.24,15.73,0.43,36.34,95,06/07/2020,11:41:00,5,179,2020,Male,32.451819,35.015313,193,4,96,54,0,2,52,37.29,CST,0,0,0,0,0,0,0,1.732050808,3.966106403,87,25,0,3.592919063,1,1,0,0,17.69745744,7,-7.25388601,-1.465236806,-0.034658764,193.8038661,55.29,179.5166115
55,32422,1,89.02,63.03,14.74,1,8,0,0,11,0,0,1,5,2.92,14.58,0.81,10.36,64,22/06/2020,13:49:00,6,159,2020,Female,32.444296,34.973194,171,0,100,23,0,2,21,179.73,CST,1,0,0,1,0,0,0,2.236067977,3.818376618,93,9,1,2.337952237,1,0,0,0,17.90530648,6,-7.01754386,0.459403105,-0.207829716,171.7122337,74.65,159.4588895
56,32422,2,89.02,45.63,16.67,1,0,0,0,3,0,0,0,2,2.27,4.54,1.45,57.97,100,29/06/2020,10:21:00,2,166,2020,Female,32.444296,34.973194,171,0,100,26,0,1,25,212.57,CST,0,0,0,1,0,0,0,1.414213562,2.130727575,57,37,1,4.059925635,1,0,0,0,21.29788722,6,-2.923976608,-2.404457275,-3.57460353,171.7122337,74.65,166.4790922
57,32422,3,89.02,11.87,20.51,1,0,0,0,4,0,0,3,3,1.69,5.08,1,81.54,72,06/07/2020,10:33:00,3,162,2020,Female,32.444296,34.973194,171,0,100,32,0,0,32,120.31,CST,0,0,0,1,0,0,1,1.732050808,2.253885534,9,7,1,4.401093697,1,0,0,0,17.60113633,7,-5.263157895,-2.432528199,-1.912391101,171.7122337,74.65,162.4675478
58,32424,1,51.42,125.43,13.46,1,4,0,0,28,2,0,0,7,3.08,21.58,0.84,9.24,100,22/06/2020,9:15:00,1,182,2020,Male,32.444662,34.971278,196,0.3,99.7,21,0,4,17,97.27,CST,1,0,0,1,1,0,0,2.645751311,4.64542786,156,15,0,2.223541886,1,0,0,0,15.47901806,6,-7.142857143,2.07298525,1.590135495,191.3760571,49.12,179.0120479
59,32424,2,51.42,111.7,26.92,1,0,0,0,44,0,0,0,7,3.34,23.4,1.05,15.89,100,29/06/2020,9:47:00,1,191,2020,Male,32.444662,34.971278,196,0.3,99.7,42,0,1,41,82.83,CST,0,0,0,1,0,0,0,2.645751311,4.837354649,142,22,0,2.765689981,1,0,0,0,18.01110768,6,-2.551020408,-0.326498931,0.268269119,191.3760571,49.12,187.864292
60,32424,3,51.42,53.53,15.38,1,0,0,0,8,0,0,0,4,3.34,13.35,0.24,11.13,58,08/07/2020,11:05:00,3,174,2020,Male,32.444662,34.971278,196,0.5,99.5,24,0,1,23,197.1,CST,0,0,0,1,0,0,0,2,3.653765181,65,13,1,2.409644165,1,0,0,0,17.34935157,7,-11.2244898,-0.392404691,-0.561980878,191.3760571,49.12,171.1433865
61,32431,1,53.2,45.57,32.05,1,0,0,0,0,0,0,0,7,3.64,25.5,0.59,24.81,62,02/07/2020,10:39:00,3,173,2020,Male,32.142379,34.819771,181,2.2,97.8,50,0,1,49,85.32,CST,0,0,0,0,0,0,0,2.645751311,5.049752469,56,12,0,3.211246798,1,1,0,0,16.93812268,7,-4.419889503,-1.644005566,0.533963785,181.7538848,47.53,173.4992949
62,32431,2,53.2,41.7,16.67,1,0,0,0,0,0,0,1,1,4.42,4.42,NA,40.58,87,08/07/2020,11:40:00,4,174,2020,Male,32.142379,34.819771,181,0,100,26,1,1,24,202.07,CST,0,0,0,0,0,0,0,1,2.102379604,40,18,1,3.703275334,1,0,0,1,18.36572895,7,-3.867403315,-1.518551189,-2.071383382,181.7538848,47.53,174.502181
63,32431,3,53.2,45.03,15.38,1,0,1,0,0,0,0,2,1,5.35,5.35,NA,59.87,91,16/07/2020,12:37:00,7,170,2020,Male,32.142379,34.819771,181,0.1,99.9,24,0,1,23,197.26,CST,0,1,0,0,0,0,1,1,2.313006701,43,15,1,4.092175545,1,0,0,0,15.96558799,7,-6.077348066,-1.142252402,-1.03372087,181.7538848,47.53,170.4906366
64,32432,1,53.2,103.27,19.23,1,0,0,0,16,0,0,5,2,3.55,7.1,1.85,13.85,87,02/07/2020,10:04:00,2,184,2020,Female,32.142379,34.819771,193,0,100,30,1,0,29,22.36,CST,0,0,0,1,0,0,1,1.414213562,2.664582519,127,12,0,2.628285233,1,0,0,1,18.47971861,7,-4.663212435,0.048371709,-1.052976545,193.8038661,47.53,184.5310419
65,32432,2,53.2,38.67,16.67,1,0,0,0,4,0,0,2,2,2.45,4.89,0.98,65.79,82,08/07/2020,12:18:00,5,180,2020,Female,32.142379,34.819771,193,0,100,26,0,1,25,211.31,CST,0,0,0,1,0,0,1,1.414213562,2.211334439,45,22,1,4.186467851,1,0,0,0,17.11081529,7,-6.735751295,-1.609154354,-1.630320447,193.8038661,47.53,180.5194976
66,32432,3,53.2,36.63,15.38,1,0,0,0,0,0,0,0,0,0,0,NA,92.27,100,16/07/2020,10:44:00,4,178,2020,Female,32.142379,34.819771,193,0,100,24,0,1,23,224.97,CST,0,0,0,0,0,0,0,0,0,25,23,1,4.524719062,1,0,0,0,18.93409623,7,-7.772020725,-1.951931563,-3.45850831,193.8038661,47.53,178.5137254
67,32433,1,24.15,76.7,33.33,1,1,0,0,0,0,0,6,6,2.5,15.03,0.75,34.07,100,02/07/2020,9:24:00,1,177,2020,Female,32.145961,34.826317,189,3,97,52,0,1,51,75.67,CST,0,0,0,0,0,0,1,2.449489743,3.876854395,99,24,0,3.528417232,1,1,0,0,17.08508121,7,-6.349206349,-1.242336929,0.186356564,193.4560202,36.45,179.8831246
68,32433,2,24.15,68.93,25,1,0,0,0,0,0,0,7,4,3.16,12.63,0.41,42.14,100,06/07/2020,9:29:00,1,179,2020,Female,32.145961,34.826317,189,7.6,92.4,39,0,1,38,167.39,CST,0,0,0,0,0,0,1,2,3.553871129,81,26,1,3.740997408,1,1,0,0,17.03525756,7,-5.291005291,-1.219470816,-0.407437112,193.4560202,36.45,181.9157023
69,32434,1,21.32,56.97,23.08,1,6,0,0,8,0,0,0,5,3.55,17.74,0.57,28.58,83,02/07/2020,11:17:00,4,188,2020,Male,32.146048,34.826132,202,3.1,96.9,36,0,0,36,165.98,CST,1,0,0,1,0,0,0,2.236067977,4.211887938,67,31,1,3.352707173,1,1,0,0,16.81071087,7,-6.930693069,-0.35763402,0.421526309,191.077911,33.91,180.8920244
70,32434,2,21.32,59.67,18.59,1,1,0,1,0,0,0,1,1,5.91,5.91,NA,50.43,100,08/07/2020,12:47:00,6,193,2020,Male,32.146048,34.826132,202,2.5,97.5,29,0,0,29,35.91,CST,0,0,1,0,0,0,0,1,2.431049156,68,28,0,3.920586236,1,1,0,0,18.46618531,7,-4.455445545,-0.494655746,-2.488969248,191.077911,33.91,185.7029825
71,32434,3,21.32,32.27,22.44,1,0,0,0,1,0,0,0,1,8.65,8.65,NA,35.72,60,16/07/2020,11:25:00,5,194,2020,Male,32.146048,34.826132,202,0,100,35,0,0,35,29.67,CST,0,0,0,0,0,0,0,1,2.941088234,32,17,0,3.575710756,1,0,0,0,17.92205345,7,-3.96039604,-1.768093232,-1.315036922,191.077911,33.91,186.6651741
72,32435,1,10.66,88.2,12.82,1,1,0,1,0,0,1,1,0,0,0,NA,20.3,84,08/07/2020,10:21:00,2,169,2020,Female,32.454353,34.939508,184,6.8,93.2,20,0,1,19,189.35,CST,0,0,1,0,0,1,0,0,0,108,17,1,3.010620886,1,1,0,0,16.83151805,7,-8.152173913,1.505614609,-2.298663838,185.6463731,7.9,170.0470437
73,32435,2,10.66,67.8,18.59,1,0,0,1,0,0,1,2,0,0,0,NA,11.67,68,16/07/2020,11:54:00,6,172,2020,Female,32.454353,34.939508,184,0.1,99.9,29,0,1,28,204.2,CST,0,0,1,0,0,1,1,0,0,82,20,1,2.457021446,1,0,0,0,17.80730187,7,-6.52173913,1.142238432,-2.416441516,185.6463731,7.9,173.0656302
74,32435,3,10.66,83.93,27.56,1,0,0,1,0,0,1,2,0,0,0,NA,22.93,95,22/07/2020,8:37:00,2,175,2020,Female,32.454353,34.939508,184,3.6,96.4,43,0,0,43,162.62,CST,0,0,1,0,0,1,1,0,0,102,20,1,3.132446097,1,1,0,0,18.48512916,7,-4.891304348,0.53568819,-2.484739608,185.6463731,7.9,176.0842168
75,32436,1,10.66,33.6,20.51,1,1,0,0,0,0,0,1,1,3.73,3.73,NA,34.29,57,08/07/2020,9:49:00,1,174,2020,Male,32.454353,34.939508,185,0.1,99.9,32,0,1,31,169.45,CST,0,0,0,0,0,0,0,1,1.931320792,41,10,1,3.534853766,1,0,0,0,17.20755648,7,-5.945945946,-1.344487287,-1.384818704,187.5486892,7.9,175.6586056
76,32436,2,10.66,51.03,25,1,0,0,0,1,0,0,3,2,2.65,5.29,1.52,59.48,99,16/07/2020,10:06:00,3,179,2020,Male,32.454353,34.939508,185,0.2,99.8,39,1,0,38,133.31,CST,0,0,0,0,0,0,1,1.414213562,2.3,49,25,1,4.085640122,1,0,0,1,18.64671553,7,-3.243243243,-1.955012322,-1.842736508,187.5486892,7.9,180.7062666
77,32436,3,10.66,57.77,14.74,1,0,0,1,0,0,1,8,1,3.09,3.09,NA,54.92,99,22/07/2020,9:42:00,4,178,2020,Male,32.454353,34.939508,185,0.1,99.9,23,0,2,21,185.18,CST,0,0,1,0,0,1,1,1,1.757839583,56,26,1,4.005877581,1,0,0,0,17.68049773,7,-3.783783784,-0.187305415,-2.563173006,187.5486892,7.9,179.6967344
78,32437,1,11.62,91.67,14.74,1,3,0,0,8,0,0,3,5,3.61,18.05,0.61,17.12,99,16/07/2020,8:56:00,1,173,2020,Female,32.492261,34.936742,181,0.2,99.8,23,0,2,21,184.88,CST,1,0,0,1,0,0,1,2.236067977,4.248529157,152,12,1,2.840247371,1,0,0,0,17.04406055,7,-4.419889503,0.740216903,0.335052653,174.3221282,1.76,168.5490067
79,32437,2,11.62,47.6,17.31,1,0,0,0,1,0,0,0,7,4.33,30.3,0.86,14.77,62,22/07/2020,9:08:00,3,170,2020,Female,32.492261,34.936742,181,0,100,27,0,0,27,184.96,CST,0,0,0,0,0,0,0,2.645751311,5.504543578,81,13,1,2.692598097,1,0,0,0,17.00294092,7,-6.077348066,-0.923072852,0.187235292,174.3221282,1.76,165.6261916
80,32437,3,11.62,97.17,22.44,1,1,3,0,0,0,0,1,6,4.29,25.72,1.26,14.98,100,29/07/2020,10:59:00,5,166,2020,Female,32.492261,34.936742,181,1.2,98.8,35,0,1,34,162.82,CST,0,1,0,0,0,0,0,2.449489743,5.071488933,139,18,1,2.706715978,1,1,0,0,17.32339459,7,-8.287292818,-0.269228099,0.408348178,174.3221282,1.76,161.7291047
81,32438,1,11.62,83.33,17.31,1,2,6,0,2,0,0,1,8,3.47,27.77,0.51,13.67,88,16/07/2020,9:34:00,2,185,2020,Male,32.492261,34.936742,188,0.1,99.9,27,0,2,25,200.32,CST,1,1,0,0,0,0,0,2.828427125,5.269724851,126,16,1,2.615203651,1,0,0,0,17.03819239,7,-1.595744681,0.533527518,0.840205899,186.1368165,1.76,183.7268097
82,32438,2,11.62,91.7,16.03,1,1,0,0,0,0,0,0,3,5.14,15.43,0.85,14.93,96,22/07/2020,8:07:00,1,190,2020,Male,32.492261,34.936742,188,0,100,25,0,2,23,185.75,CST,0,0,0,0,0,0,0,1.732050808,3.928103868,139,17,1,2.703372612,1,0,0,0,18.06377591,7,1.063829787,-0.187522788,-0.663441389,186.1368165,1.76,188.6923992
83,32438,3,11.62,87.03,32.05,1,4,7,0,0,0,0,2,10,4.16,41.61,0.69,17.12,91,29/07/2020,12:00:00,7,181,2020,Male,32.492261,34.936742,188,2,98,50,0,0,50,36.67,CST,1,1,0,0,0,0,1,3.16227766,6.450581369,117,23,0,2.840247371,1,1,0,0,17.34502811,7,-3.723404255,-0.221536319,1.712828296,186.1368165,1.76,179.7543382
84,32441,2,22.77,86.6,26.92,1,12,1,0,0,0,0,1,7,3.37,23.61,0.69,13.59,89,29/07/2020,9:56:00,3,186,2020,Male,32.149282,34.821199,183,16.7,83.3,42,0,2,40,1.66,CST,1,1,0,0,0,0,0,2.645751311,4.859012245,136,9,0,2.609334228,1,1,0,0,16.5,7,1.639344262,0.508326161,1.41929554,184.6374254,8.04,187.1523676
85,32441,3,22.77,130.97,17.95,1,2,0,0,0,0,0,1,1,5.33,5.33,NA,8.4,100,05/08/2020,8:56:00,1,189,2020,Male,32.149282,34.821199,183,0.6,99.4,28,1,0,27,105.01,CST,1,0,0,0,0,0,0,1,2.308679276,157,10,0,2.128231706,1,0,0,1,16.43715304,8,3.278688525,2.211556555,0.603895176,184.6374254,8.04,190.1709542
86,32442,1,22.77,56.63,18.59,1,1,0,0,42,0,0,0,1,3.36,3.36,NA,68.55,98,22/07/2020,12:08:00,8,156,2020,Female,32.149282,34.821199,179,0,100,29,0,1,28,211.93,CST,0,0,0,1,0,0,0,1,1.833030278,37,15,1,4.227563406,1,0,0,0,19.34424979,7,-12.84916201,-1.875867798,-2.650436148,183.220252,8.04,158.541059
87,32442,2,22.77,100.1,21.79,1,7,0,1,0,0,0,2,1,2.21,2.21,NA,23.63,100,29/07/2020,10:28:00,4,170,2020,Female,32.149282,34.821199,179,3.8,96.2,34,0,2,32,145.46,CST,1,0,1,0,0,0,1,1,1.486606875,117,24,1,3.162517091,1,1,0,0,16.77796174,7,-5.027932961,1.927495917,-0.827185888,183.220252,8.04,172.7691027
88,32442,3,22.77,84.83,33.97,1,1,0,0,0,0,0,0,14,2.38,33.3,0.89,34.79,100,05/08/2020,10:40:00,4,165,2020,Female,32.149282,34.821199,179,14.3,85.7,53,0,1,52,90.56,CST,0,0,0,0,0,0,0,3.741657387,5.770615219,89,30,0,3.549329989,1,1,0,0,17.59261209,8,-7.82122905,-1.537667765,0.662606546,183.220252,8.04,167.6876585
89,32443,1,23.12,52.17,17.95,1,0,0,0,2,0,0,0,2,2.94,5.87,0.62,66.15,100,22/07/2020,11:38:00,7,188,2020,Male,32.150295,34.824524,202,0,100,28,0,2,26,199,CST,0,0,0,0,0,0,0,1.414213562,2.422808288,47,30,1,4.191924891,1,0,0,0,17.06165291,7,-6.930693069,-1.443977713,-1.397754071,205.7678754,21.63,190.424548
90,32443,2,23.12,51.67,14.74,1,0,0,0,0,0,0,0,2,3.36,6.71,0.02,54.41,100,29/07/2020,11:28:00,6,195,2020,Male,32.150295,34.824524,202,0,100,23,0,0,23,200.43,CST,0,0,0,0,0,0,0,1.414213562,2.590366769,39,32,1,3.99654796,1,0,0,0,18.95257238,7,-3.465346535,-1.708777263,-2.323342871,205.7678754,21.63,197.5148237
91,32443,3,23.12,49.9,21.15,1,0,0,0,1,0,0,0,1,2.75,2.75,NA,49.71,100,05/08/2020,11:09:00,5,192,2020,Male,32.150295,34.824524,202,1.4,98.6,33,0,0,33,188.57,CST,0,0,0,0,0,0,0,1,1.658312395,34,26,1,3.90620612,1,1,0,0,17.4642492,8,-4.95049505,-1.365014859,-1.613406115,205.7678754,21.63,194.4761341
92,32444,1,71.48,81.87,21.15,1,0,0,0,0,0,0,5,4,5.3,21.19,0.7,19.69,100,22/07/2020,10:24:00,5,156,2020,Female,32.142242,34.819781,169,10.9,89.1,33,0,1,32,156.09,CST,0,0,0,0,0,0,1,2,4.603259715,106,27,1,2.980110893,1,1,0,0,17.14934401,7,-7.692307692,-0.56133546,0.080045298,172.1523314,60.87,158.011859
93,32444,2,71.48,83.67,28.21,1,0,0,0,2,0,0,2,3,4.08,12.24,1.39,22.08,100,29/07/2020,9:28:00,2,166,2020,Female,32.142242,34.819781,169,10.6,89.4,44,0,3,41,71.46,CST,0,0,0,0,0,0,1,1.732050808,3.498571137,122,25,0,3.094672221,1,1,0,0,16.93841787,7,-1.775147929,-0.597655312,0.094074673,172.1523314,60.87,168.1408243
94,32444,3,71.48,70.7,15.38,1,0,0,0,0,0,0,4,1,4.9,4.9,NA,41.66,100,05/08/2020,10:09:00,3,163,2020,Female,32.142242,34.819781,169,0,100,24,1,1,22,200.14,CST,0,0,0,0,0,0,1,1,2.213594362,85,26,1,3.729541436,1,0,0,1,16.93812268,8,-3.550295858,-0.690582084,-1.247198421,172.1523314,60.87,165.1021347
95,32445,1,67.77,62.67,21.79,1,1,0,0,16,0,0,1,4,3.64,14.56,0.5,10.51,59,27/07/2020,10:00:00,1,168,2020,Female,32.139344,34.823647,182,1,99,34,0,2,32,52.8,CST,0,0,0,1,0,0,0,2,3.815756806,79,11,0,2.352327185,1,1,0,0,17.43559577,7,-7.692307692,-0.428260917,-0.178407732,181.0420694,66.43,167.386401
96,32445,2,67.77,55.27,12.82,1,0,0,0,0,0,0,1,0,0,0,NA,59.28,100,03/08/2020,10:20:00,3,172,2020,Female,32.139344,34.823647,182,0,100,20,0,0,20,206.27,CST,0,0,0,0,0,0,0,0,0,48,22,1,4.082271981,1,0,0,0,17.65785944,8,-5.494505495,-0.963396506,-2.690573941,181.0420694,66.43,171.3717915
97,32446,2,76.36,34.13,10.9,1,0,0,0,172,0,0,0,2,1.75,3.5,1.06,105.09,100,03/08/2020,9:40:00,2,169,2020,Female,32.143061,34.823788,205,0,100,17,0,2,15,208.24,CST,0,0,0,1,0,0,0,1.414213562,1.870828693,24,20,1,4.654817126,1,0,0,0,18.15764302,8,-17.56097561,-2.039701237,-2.713548468,204.8828049,78.37,168.9330051
98,32446,3,76.36,33.87,17.95,1,0,0,0,44,0,0,0,2,2.89,5.78,0.16,99.47,100,10/08/2020,9:02:00,1,169,2020,Female,32.143061,34.823788,205,0.2,99.8,28,0,0,28,190.84,CST,0,0,0,1,0,0,0,1.414213562,2.404163056,10,10,1,4.599856091,1,0,0,0,17.04406055,8,-17.56097561,-2.016611442,-1.655222318,204.8828049,78.37,168.9330051
99,32447,1,44.6,24,17.95,1,0,0,0,49,0,0,1,6,2.87,17.2,1.03,7.59,30,27/07/2020,11:07:00,3,159,2020,Male,32.146597,34.812101,164,0.7,99.3,28,0,0,28,42.15,CST,0,0,0,1,0,0,0,2.449489743,4.147288271,37,9,0,2.026831591,0,0,0,0,17.93069993,7,-3.048780488,-0.908865889,-0.585718507,170.3374368,42.55,163.2353605
100,32447,2,44.6,86,27.56,1,5,1,0,39,0,0,3,5,4.06,20.32,0.78,25.52,100,03/08/2020,9:10:00,1,166,2020,Male,32.146597,34.812101,164,5.1,94.9,43,0,2,41,111.16,CST,1,1,0,1,0,0,1,2.236067977,4.507771068,121,26,0,3.239462458,1,1,0,0,18.02498266,8,1.219512195,-0.261708586,0.360740049,170.3374368,42.55,170.4218229
101,32447,3,44.6,80.53,16.03,1,1,0,1,5,0,1,4,1,5.79,5.79,NA,32.32,100,10/08/2020,9:40:00,2,173,2020,Male,32.146597,34.812101,164,0,100,25,0,2,23,186.55,CST,0,0,1,1,0,1,1,1,2.406241883,102,35,1,3.475686234,1,0,0,0,17.04699387,8,5.487804878,0.570434392,-1.647066294,170.3374368,42.55,177.6082853
102,33665,1,23.72,49.23,37.82,1,0,0,0,13,0,1,2,4,2.31,9.25,1.26,84.9,100,29/07/2020,8:56:00,1,164,2020,Female,31.78631,34.672921,182,0.5,99.5,59,0,0,59,84.57,CST,0,0,0,1,0,1,1,2,3.041381265,42,19,0,4.441474093,1,0,0,0,16.64932431,7,-9.89010989,-2.216474987,-0.18672034,174.4930024,14.4,159.2794967
103,33665,2,23.72,74.37,37.18,1,1,1,0,2,0,0,1,7,4,28.01,0.96,19.79,92,05/08/2020,9:28:00,2,176,2020,Female,31.78631,34.672921,182,17.3,82.7,58,0,0,58,80.04,CST,0,1,0,0,0,0,0,2.645751311,5.292447449,102,24,0,2.98517676,1,1,0,0,17.25398505,8,-3.296703297,-1.27004015,0.955385493,174.4930024,14.4,170.9340941
104,33665,3,23.72,63.97,35.26,1,0,0,0,2,0,0,0,8,3.07,24.59,0.49,21.45,85,12/08/2020,9:08:00,1,179,2020,Female,31.78631,34.672921,182,5.7,94.3,55,0,2,53,64.65,CST,0,0,0,0,0,0,0,2.828427125,4.958830507,91,22,0,3.065724645,1,1,0,0,17.45623098,8,-1.648351648,-1.442763289,0.564694937,174.4930024,14.4,173.8477434
105,33858,1,26,42.97,35.9,1,0,0,0,69,0,0,0,5,3.36,16.8,0.73,42.35,84,01/05/2021,9:40:00,3,170,2021,Female,32.148673,34.820411,185,1.1,98.9,56,0,2,54,49.49,CST,0,0,0,1,0,0,0,2.236067977,4.098780306,53,31,0,3.745968421,1,1,0,0,18.01665896,5,-8.108108108,-2.27907228,-0.345755589,186.6553207,15.91,171.0532392
106,33858,2,26,18.63,24.36,1,0,0,0,133,0,0,0,6,3,18,1.13,30.44,42,10/05/2021,8:24:00,1,174,2021,Female,32.148673,34.820411,185,0.1,99.9,38,0,0,38,152.86,CST,0,0,0,1,0,0,0,2.449489743,4.242640687,22,13,1,3.415757533,0,0,0,0,16.99882349,5,-5.945945946,-1.908283426,-0.359783988,186.6553207,15.91,175.0780213
107,33858,3,26,30.2,25,1,0,0,0,156,0,0,0,7,3.78,26.49,0.93,56.28,64,17/05/2021,11:02:00,6,173,2021,Female,32.148673,34.820411,185,0.1,99.9,39,0,0,39,78.26,CST,0,0,0,1,0,0,0,2.645751311,5.146843693,35,13,0,4.030339232,1,0,0,0,17.96106901,5,-6.486486486,-2.513084398,-0.640561515,186.6553207,15.91,174.0718258
108,33859,1,68.01,108.5,14.1,1,7,0,1,0,1,0,2,1,3,3,NA,11.38,100,01/05/2021,8:48:00,1,190,2021,Female,32.140829,34.821023,180,0.1,99.9,22,1,0,21,159.33,CST,1,0,1,0,1,0,1,1,1.732050808,159,11,1,2.431857429,1,0,0,1,16.22035758,5,5.555555556,2.877669086,-0.508053511,175.7535219,32.88,186.8807094
109,33859,2,68.01,113.97,12.82,1,3,0,0,0,0,0,6,2,3.38,6.75,1.59,11.33,100,10/05/2021,9:50:00,4,182,2021,Female,32.140829,34.821023,180,22.1,77.9,20,0,3,17,125.26,CST,1,0,0,0,0,0,1,1.414213562,2.598076211,160,11,1,2.427454075,1,1,0,0,16.9351705,5,1.111111111,1.71063387,0.01793358,175.7535219,32.88,179.0120479
110,33859,3,68.01,123.77,7.05,1,3,0,1,0,2,1,3,1,4,4,NA,6.41,100,17/05/2021,11:37:00,7,169,2021,Female,32.140829,34.821023,180,0,100,11,1,1,9,182.67,CST,1,0,1,0,1,1,1,1,2,173,5,1,1.857859271,1,0,0,1,18.08867049,5,-6.111111111,3.230489714,-1.330845397,175.7535219,32.88,166.2254731
111,33860,1,68.01,54.9,25,1,0,0,0,10,0,0,1,15,2.08,31.19,1.04,34.89,80,01/05/2021,9:15:00,2,163,2021,Male,32.140829,34.821023,182,0.2,99.8,39,0,1,38,168.25,CST,0,0,0,1,0,0,0,3.872983346,5.584800802,73,25,1,3.552200255,1,0,0,0,18.2428068,5,-10.43956044,-1.911397219,-0.301856084,182.7580499,32.88,163.4704339
112,33860,2,68.01,32.53,21.15,1,0,0,0,1,0,0,0,4,4.39,17.57,1.06,92.85,85,10/05/2021,9:22:00,3,166,2021,Male,32.140829,34.821023,182,0.1,99.9,33,0,1,32,90.22,CST,0,0,0,0,0,0,0,2,4.191658383,16,10,0,4.530985288,1,0,0,0,17.47283606,5,-8.791208791,-2.446765082,-1.082972055,182.7580499,32.88,166.4790922
113,33860,3,68.01,41.83,26.92,1,0,0,0,0,0,0,0,5,2.71,13.57,0.68,68.86,92,17/05/2021,8:50:00,2,163,2021,Male,32.140829,34.821023,182,0.2,99.8,42,0,2,40,83.14,CST,0,0,0,0,0,0,0,2.236067977,3.683748091,32,21,0,4.232075458,1,0,0,0,17.33205123,5,-10.43956044,-2.146274587,-0.759280868,182.7580499,32.88,163.4704339
114,33866,1,0.03,80.67,21.15,1,10,0,0,71,0,0,1,13,3,39.02,0.85,23.88,100,10/05/2021,8:52:00,2,190,2021,Male,32.362509,34.959884,211,5.2,94.8,33,0,2,31,24.89,CST,1,0,0,1,0,0,0,3.605551275,6.246599075,143,15,0,3.173041289,1,1,0,0,17.93320942,5,-9.952606635,-0.354478452,0.700249482,215.9747104,0,194.1111683
115,33866,2,0.03,84.87,22.44,1,0,0,0,1,0,0,0,3,4.08,12.23,0.5,15.47,92,17/05/2021,9:56:00,4,191,2021,Male,32.362509,34.959884,211,2.6,97.4,35,0,2,33,42.91,CST,0,0,0,0,0,0,0,1.732050808,3.49714169,139,10,0,2.738902665,1,1,0,0,16.92778781,5,-9.478672986,-0.17067355,-0.026917257,215.9747104,0,194.1111683
116,33866,3,0.03,67.83,28.21,1,2,0,0,10,0,0,0,8,4.68,37.41,1.23,20,87,24/05/2021,9:08:00,3,194,2021,Male,32.362509,34.959884,211,0.5,99.5,44,0,2,42,28.29,CST,1,0,0,1,0,0,0,2.828427125,6.116371473,120,16,0,2.995732274,1,0,0,0,17.35511452,5,-8.056872038,-0.490163565,1.246055797,215.9747104,0,197.1600349
117,33867,1,0.03,87.97,34.62,1,1,1,0,2,0,0,0,13,3.31,43,0.39,20.35,98,10/05/2021,10:18:00,5,165,2021,Female,32.362509,34.959884,192,0.6,99.4,54,0,1,53,102.91,CST,0,1,0,0,0,0,0,3.605551275,6.557438524,128,23,0,3.013080912,1,0,0,0,18.17140611,5,-14.0625,-1.395512777,0.90267299,197.481474,0,168.2520696
118,33867,2,0.03,37,21.79,1,0,0,0,1,0,0,0,3,4.27,12.81,0.25,37.17,83,17/05/2021,9:21:00,3,168,2021,Female,32.362509,34.959884,192,0.5,99.5,34,1,0,33,51.94,CST,0,0,0,0,0,0,0,1.732050808,3.579106034,87,17,0,3.615501984,1,0,0,1,17.72568757,5,-12.5,-1.743633407,-1.018781689,197.481474,0,171.3111982
119,33867,3,0.03,36.1,33.33,1,0,0,0,0,0,0,0,4,5.08,20.32,0.85,29.43,58,24/05/2021,8:08:00,1,169,2021,Female,32.362509,34.959884,192,0.4,99.6,52,0,0,52,49.88,CST,0,0,0,0,0,0,0,2,4.507771068,48,14,0,3.382014562,1,0,0,0,17.21075245,5,-11.97916667,-1.939722761,0.156908322,197.481474,0,172.3309077
120,33868,1,84.25,94.03,14.74,1,3,0,0,3,0,0,0,4,3.87,15.46,1.28,7.41,74,10/05/2021,10:58:00,6,163,2021,Male,31.849098,35.036662,177,0,100,23,1,1,21,69.18,CST,1,0,0,1,0,0,0,2,3.93192065,119,6,0,2.002830439,1,0,0,1,18.56879102,5,-7.90960452,1.024380603,-0.178988352,176.898812,100,162.9353836
121,33868,2,84.25,105.67,16.03,1,1,0,0,2,0,0,2,8,3.92,31.33,0.77,14.95,96,17/05/2021,10:36:00,5,168,2021,Male,31.849098,35.036662,177,0,100,25,0,3,22,116.06,CST,0,0,0,0,0,0,1,2.828427125,5.597320788,154,7,0,2.7047113,1,0,0,0,17.71722326,5,-5.084745763,-0.116128985,0.157138361,176.898812,100,167.9334015
122,33868,3,84.25,93.17,37.82,1,0,0,0,0,0,0,0,9,4.44,39.93,1.14,13.66,88,24/05/2021,8:44:00,2,165,2021,Male,31.849098,35.036662,177,0.5,99.5,59,0,1,58,70.71,CST,0,0,0,0,0,0,0,3,6.319018911,135,9,0,2.614471854,1,0,0,0,16.84933233,5,-6.779661017,-0.777574229,1.779257169,176.898812,100,164.9345908
123,33874,1,52.99,113.93,14.74,1,7,1,0,25,0,0,3,8,4.11,32.84,1.23,10.24,100,17/05/2021,8:13:00,1,173,2021,Female,32.137242,34.82251,183,0.2,99.8,23,1,2,20,104.13,CST,1,1,0,1,0,0,1,2.828427125,5.730619513,169,6,0,2.32630162,1,0,0,1,17.34646938,5,-5.464480874,1.168532233,1.020875146,188.2245299,42.09,176.4097457
124,33874,2,52.99,62.67,16.67,1,0,0,0,181,0,0,0,1,3.06,3.06,NA,57.13,100,24/05/2021,9:40:00,4,178,2021,Female,32.137242,34.82251,183,0,100,26,0,1,25,189.4,CST,0,0,0,1,0,0,0,1,1.749285568,67,31,1,4.045329373,1,0,0,0,17.34070356,5,-2.732240437,-1.103286872,-1.70465259,188.2245299,42.09,181.5082933
125,33896,1,70.01,70.83,25.64,1,7,0,0,0,0,0,2,1,5.81,5.81,NA,14.12,77,08/06/2021,8:14:00,1,172,2021,Male,32.554021,34.912367,179,3.7,96.3,40,0,2,38,41,CST,1,0,0,0,0,0,1,1,2.410394159,100,14,0,2.647592232,1,1,0,0,17.42670365,6,-3.910614525,0.390459424,-0.030439468,180.6016347,94.25,173.0656302
126,33896,2,70.01,98.73,48.72,1,15,0,0,1,0,0,2,5,7.35,36.74,2.76,16.15,89,14/06/2021,9:10:00,3,172,2021,Male,32.554021,34.912367,179,33.8,66.2,76,0,1,75,45.61,CST,1,0,0,0,0,0,1,2.236067977,6.061352984,122,16,0,2.78192005,1,1,0,0,15.60256389,6,-3.910614525,0.015064612,3.268991306,180.6016347,94.25,173.0656302
127,33896,3,70.01,101.57,44.23,1,6,4,0,1,0,0,3,4,5.38,21.51,1.13,16.82,100,22/06/2021,14:12:00,13,176,2021,Male,32.554021,34.912367,179,15.9,84.1,69,0,0,69,43.05,CST,1,1,0,0,0,0,1,2,4.63788745,126,25,0,2.822568655,1,1,0,0,16.35236986,6,-1.675977654,0.189035858,2.217486884,180.6016347,94.25,177.0904123
128,33897,1,70.01,31.8,8.33,1,10,0,0,0,0,2,4,2,3.53,7.07,3.84,10.99,38,08/06/2021,9:17:00,3,155,2021,Female,32.554021,34.912367,163,0,100,13,0,1,12,1.42,CST,1,0,0,0,0,1,1,1.414213562,2.65894716,40,9,0,2.396985768,0,0,0,0,17.27715254,6,-4.90797546,0.403039194,-0.805299927,163.6789128,94.25,155.4473451
129,33897,2,70.01,115.8,9.62,1,6,0,0,0,0,0,1,0,0,0,NA,12.79,100,14/06/2021,11:16:00,7,154,2021,Female,32.554021,34.912367,163,0,100,15,1,2,12,200.31,CST,1,0,0,0,0,0,0,0,0,144,17,1,2.548663616,1,0,0,1,17.45565811,6,-5.521472393,2.00305256,-1.30337274,163.6789128,94.25,154.444459
130,33897,3,70.01,105.27,23.72,1,2,0,1,0,0,1,3,0,0,0,NA,16.74,100,22/06/2021,9:15:00,4,163,2021,Female,32.554021,34.912367,163,2,98,37,0,1,36,50.42,CST,1,0,1,0,0,1,1,0,0,123,25,0,2.817801065,1,1,0,0,17.23948955,6,0,2.296924681,-1.311136605,163.6789128,94.25,163.4704339
131,33898,1,60.54,79.57,25,1,1,1,0,12,0,0,2,3,5.14,15.41,2.69,22.66,100,08/06/2021,8:43:00,2,172,2021,Female,32.556928,34.919901,175,0.9,99.1,39,0,1,38,140.63,CST,0,1,0,1,0,0,1,1.732050808,3.925557285,102,27,1,3.120601256,1,0,0,0,17.38533865,6,-1.714285714,-0.761913502,-0.154530147,172.4600671,68.63,170.265215
132,33898,2,60.54,97.33,41.03,1,2,0,0,5,0,0,2,6,5.42,32.53,2.14,21.78,98,14/06/2021,10:47:00,6,173,2021,Female,32.556928,34.919901,175,11.7,88.3,64,0,2,62,112.14,CST,1,0,0,1,0,0,1,2.449489743,5.703507693,115,18,0,3.080992118,1,1,0,0,16.84339633,6,-1.142857143,-0.238601572,2.080216792,172.4600671,68.63,171.255129
133,33898,3,60.54,77.93,39.1,1,0,0,0,7,0,1,1,2,4.13,8.26,0.53,29.48,99,22/06/2021,10:35:00,7,178,2021,Female,32.556928,34.919901,175,12.4,87.6,61,0,0,61,22.33,CST,0,0,0,1,0,1,0,1.414213562,2.874021573,100,25,0,3.383712067,1,1,0,0,17.16974083,6,1.714285714,-1.162269634,0.127435734,172.4600671,68.63,176.2046992
134,33901,1,26.52,130.63,8.97,1,3,0,1,1,1,0,1,0,0,0,NA,8.24,100,14/06/2021,9:35:00,4,185,2021,Male,32.138756,34.913535,198,0,100,14,1,1,12,196.42,CST,1,0,1,0,1,0,0,0,0,174,3,1,2.109000344,1,0,0,1,16.97350877,6,-6.565656566,3.679951932,-1.447496031,200.7277863,16,186.7634599
135,33901,2,26.52,120.5,21.79,1,4,0,2,0,0,0,5,3,3.92,11.75,0.14,13.77,100,22/06/2021,11:00:00,8,187,2021,Male,32.138756,34.913535,198,0,100,34,1,2,31,71.64,CST,1,0,1,0,0,0,1,1.732050808,3.4278273,157,12,0,2.622492313,1,0,0,1,17.81572339,6,-5.555555556,2.098624045,-0.337272702,200.7277863,16,188.7825244
136,33901,3,26.52,121.93,25,1,1,0,1,0,0,0,4,2,3.73,7.46,1.09,9.57,100,05/07/2021,10:24:00,5,179,2021,Male,32.138756,34.913535,198,3.2,96.8,39,0,2,37,133.33,CST,0,0,1,0,0,0,1,1.414213562,2.731300057,153,12,1,2.258633205,1,1,0,0,16.04992212,7,-9.595959596,2.018486521,0.049431932,200.7277863,16,180.7062666
137,33902,1,24.22,60.6,31.41,1,1,0,0,0,0,0,0,4,3.44,13.74,0.96,19.83,69,14/06/2021,8:43:00,2,172,2021,Male,32.138996,34.913663,190,0.5,99.5,49,0,0,49,48.66,CST,0,0,0,0,0,0,0,2,3.706750599,82,14,0,2.987195943,1,0,0,0,16.17312586,6,-9.473684211,-0.845025252,0.582163636,189.8913802,13.69,171.9318158
138,33902,2,24.22,121.53,23.08,1,1,0,0,0,0,0,2,0,0,0,NA,11.29,100,22/06/2021,8:01:00,1,187,2021,Male,32.138996,34.913663,190,0.3,99.7,36,1,1,34,62.8,CST,0,0,0,0,0,0,1,0,0,152,13,0,2.423917378,1,0,0,1,17.21423829,6,-1.578947368,1.073185102,-1.000740099,189.8913802,13.69,186.9258695
139,33902,3,24.22,119,26.92,1,3,0,0,0,1,0,1,5,5.06,25.28,0.76,14.86,99,05/07/2021,11:28:00,7,172,2021,Male,32.138996,34.913663,190,0.1,99.9,42,0,1,41,57.12,CST,1,0,0,0,1,0,0,2.236067977,5.027922036,144,12,0,2.698673039,1,0,0,0,17.00588134,7,-9.473684211,0.839557659,1.393413029,189.8913802,13.69,171.9318158
140,33903,1,15.34,88.4,38.46,1,7,0,0,4,0,0,1,5,3.1,15.5,1.72,28.52,100,14/06/2021,10:12:00,5,185,2021,Male,32.147756,34.915143,209,7,93,60,0,1,59,55.55,CST,1,0,0,1,0,0,0,2.236067977,3.937003937,106,28,0,3.350605596,1,1,0,0,17.13767779,6,-11.48325359,-0.309700481,1.062700015,209.8705078,30.73,185.533928
141,33903,2,15.34,81.17,42.31,1,3,0,0,1,0,0,4,3,4.41,13.24,2.02,29.82,100,22/06/2021,8:25:00,2,196,2021,Male,32.147756,34.915143,209,5.4,94.6,66,0,0,66,54.83,CST,1,0,0,0,0,0,1,1.732050808,3.63868108,112,27,0,3.395179309,1,1,0,0,17.11023086,6,-6.220095694,-0.51914357,1.090827138,209.8705078,30.73,196.5656751
142,33903,3,15.34,55.23,25.64,1,5,0,0,0,0,0,1,3,5.25,15.75,0.9,49.21,97,05/07/2021,8:30:00,2,189,2021,Male,32.147756,34.915143,209,5.6,94.4,40,0,1,39,104.85,CST,1,0,0,0,0,0,0,1.732050808,3.968626967,56,35,0,3.896096855,1,1,0,0,17.34646938,7,-9.56937799,-0.920040129,-0.01286134,209.8705078,30.73,189.5454724
143,33904,1,15.34,62.8,33.33,1,2,1,0,6,0,0,0,4,8.01,32.05,7.9,18.55,74,14/06/2021,8:16:00,1,176,2021,Female,32.147756,34.915143,216,0.5,99.5,52,0,1,51,44.38,CST,1,1,0,1,0,0,0,2,5.661271942,92,19,0,2.920469789,1,0,0,0,17.09502852,6,-18.51851852,-0.539294845,1.447498846,212.8649971,30.73,174.2248711
144,33904,2,15.34,86.47,42.31,1,1,0,0,2,0,0,3,6,6.62,39.75,1.16,28.62,100,22/06/2021,12:34:00,11,170,2021,Female,32.147756,34.915143,216,1.9,98.1,66,0,0,66,37.61,CST,0,0,0,0,0,0,1,2.449489743,6.304760106,112,24,0,3.354105774,1,1,0,0,16.58915308,6,-21.2962963,-1.451491099,1.790914577,212.8649971,30.73,168.2853869
145,33904,3,15.34,74.33,52.56,1,2,0,0,33,0,0,1,7,6.5,45.5,2.3,24.54,93,05/07/2021,8:03:00,1,171,2021,Female,32.147756,34.915143,216,15.3,84.7,82,0,0,82,32.15,CST,1,0,0,1,0,0,0,2.645751311,6.745368782,113,20,0,3.200304439,1,1,0,0,16.78541033,7,-20.83333333,-1.1663407,2.813986749,212.8649971,30.73,169.2753009
146,33908,2,55.82,62.3,65.38,1,0,0,0,23,0,0,1,18,3.57,64.27,0.82,24.12,80,05/07/2021,12:29:00,9,179,2021,Male,32.156314,34.828409,196,11.7,88.3,102,0,0,102,21.83,CST,0,0,0,1,0,0,0,4.242640687,8.01685724,82,24,0,3.183041372,1,1,0,0,15.96934563,7,-8.673469388,-2.492424575,3.653684018,192.2614899,65.49,176.6256984
147,33908,3,55.82,81.47,71.79,1,0,0,0,14,0,0,2,14,4.31,60.29,1.22,19.39,79,13/07/2021,10:47:00,7,172,2021,Male,32.156314,34.828409,196,42.1,57.9,112,0,1,111,21.53,CST,0,0,0,1,0,0,1,3.741657387,7.764663547,94,15,0,2.964757469,1,1,0,0,15.90471628,7,-12.24489796,-2.15628392,4.086420662,192.2614899,65.49,169.7185482
148,33909,1,55.82,137.7,12.18,1,0,0,1,2,2,0,2,1,6.5,6.5,NA,5.26,100,22/06/2021,13:47:00,12,169,2021,Female,32.156314,34.828409,178,66.4,33.6,19,0,3,16,108.87,CST,0,0,1,0,1,0,1,1,2.549509757,170,8,0,1.660131027,1,1,0,0,15.82592809,6,-5.056179775,3.129287584,-0.178467521,181.320207,65.49,171.1795139
149,33909,2,55.82,140.03,17.31,1,2,0,2,1,0,3,5,1,1.13,1.13,NA,6.34,100,05/07/2021,11:02:00,6,172,2021,Female,32.156314,34.828409,178,6.8,93.2,27,1,1,25,36.63,CST,1,0,1,0,0,1,1,1,1.063014581,171,4,0,1.846878768,1,1,0,1,16.72423391,7,-3.370786517,3.681581943,-0.428183375,181.320207,65.49,174.2182035
150,33909,3,55.82,136.6,23.72,1,2,0,2,2,1,1,3,0,0,0,NA,6.34,100,13/07/2021,11:11:00,8,160,2021,Female,32.156314,34.828409,178,0.5,99.5,37,1,1,35,66.77,CST,1,0,1,0,1,1,1,0,0,170,5,0,1.846878768,1,0,0,1,14.5327217,7,-10.11235955,4.125105386,0.53018538,181.320207,65.49,162.0634451
151,33911,1,18.05,60.37,35.26,1,3,0,0,2,0,0,2,4,2.53,10.11,1.76,25.1,80,22/06/2021,10:09:00,6,189,2021,Male,32.131363,34.817854,194,2.4,97.6,55,0,0,55,69.6,CST,1,0,0,0,0,0,1,2,3.179622619,83,19,0,3.222867846,1,1,0,0,17.3896521,6,-2.577319588,-0.548313042,0.417176277,184.3321236,16.71,182.4183935
152,33911,2,18.05,68.17,18.59,1,0,0,0,1,0,0,0,2,6.31,12.62,0.11,7.65,55,05/07/2021,9:05:00,3,189,2021,Male,32.131363,34.817854,194,12.2,87.8,29,0,1,28,87.75,CST,0,0,0,0,0,0,0,1.414213562,3.552463934,84,3,0,2.034705648,1,1,0,0,15.72386721,7,-2.577319588,0.419090033,0.554387676,184.3321236,16.71,182.4183935
153,33911,3,18.05,91.63,26.28,1,0,1,0,0,0,0,3,5,6.05,30.23,1.44,14.11,93,13/07/2021,9:04:00,3,183,2021,Male,32.131363,34.817854,194,0.5,99.5,41,0,2,39,39.61,CST,0,1,0,0,0,0,1,2.236067977,5.498181518,144,10,0,2.646883766,1,0,0,0,15.88080602,7,-5.670103093,-0.144627636,1.410979437,184.3321236,16.71,176.6273334
154,33915,1,2.85,91,22.44,1,0,1,0,41,0,1,2,6,3.73,22.37,1.5,18.47,99,22/06/2021,9:44:00,5,158,2021,Male,32.64722,35.138095,176,70.5,29.5,35,0,1,34,104.15,CST,0,1,0,1,0,1,1,2.449489743,4.729693436,119,33,0,2.916147794,1,1,0,0,16.55294536,6,-10.22727273,-0.277943383,0.545827975,181.0246845,0,161.114103
155,33915,2,2.85,77.33,48.72,1,0,0,0,101,0,0,1,9,3.64,32.76,1.85,19.76,92,05/07/2021,12:04:00,8,160,2021,Male,32.64722,35.138095,176,18.8,81.2,76,0,1,75,31.52,CST,0,0,0,1,0,0,0,3,5.723635209,97,28,0,2.983659692,1,1,0,0,16.73260291,7,-9.090909091,-1.484802427,1.900289648,181.0246845,0,163.1535221
156,33915,3,2.85,78.77,50,1,0,1,0,28,0,0,0,7,5.06,35.45,2.32,16.43,87,13/07/2021,9:58:00,5,163,2021,Male,32.64722,35.138095,176,22.1,77.9,78,0,1,77,60.85,CST,0,1,0,1,0,0,0,2.645751311,5.953990259,113,24,0,2.799108932,1,1,0,0,15.19144496,7,-7.386363636,-1.03498363,2.852871648,181.0246845,0,166.2126506
157,33916,2,2.85,114.33,23.72,1,13,0,0,36,0,0,0,1,5.57,5.57,NA,9.8,95,05/07/2021,9:59:00,4,155,2021,Female,32.64722,35.138095,166,1.4,98.6,37,0,3,34,54.96,CST,1,0,0,1,0,0,0,1,2.360084744,156,7,0,2.282382386,1,1,0,0,17.40689519,7,-6.626506024,1.426243414,0.266336732,167.4853148,0,155.9603063
158,33916,3,2.85,64.03,32.05,1,3,1,0,14,1,0,0,3,5.96,17.87,3.21,14.83,73,13/07/2021,8:37:00,2,154,2021,Female,32.64722,35.138095,166,8.5,91.5,50,0,1,49,31.96,CST,1,1,0,1,1,0,0,1.732050808,4.227292278,93,16,0,2.696652156,1,1,0,0,16.10558909,7,-7.228915663,0.11583586,1.46093396,167.4853148,0,154.9541108
159,33931,1,33.28,97.6,21.15,1,39,0,0,5,0,0,1,2,4.9,9.8,0.71,19.57,100,13/07/2021,9:28:00,4,165,2021,Female,32.14628,34.927507,215,11,89,33,0,2,31,159.27,CST,1,0,0,1,0,0,0,1.414213562,3.130495168,126,23,1,2.973997781,1,1,0,0,16.79880948,7,-23.25581395,0.788173313,0.34842077,211.879511,32.35,163.3358167
160,33931,2,33.28,95.6,16.03,1,20,0,1,0,0,1,1,1,5.75,5.75,NA,25.89,100,20/07/2021,9:17:00,4,172,2021,Female,32.14628,34.927507,215,0,100,25,0,1,24,203.42,CST,1,0,1,0,0,1,0,1,2.397915762,117,28,1,3.253856794,1,0,0,0,16.94992625,7,-20,1.780454188,-0.921603666,211.879511,32.35,170.265215
161,33931,3,33.28,110.07,10.9,1,2,0,1,0,0,0,1,0,0,0,NA,23.46,100,26/07/2021,9:09:00,4,173,2021,Female,32.14628,34.927507,215,0,100,17,1,2,14,230.52,CST,1,0,1,0,0,0,0,0,0,129,23,1,3.155296843,1,0,0,1,17.19302184,7,-19.53488372,2.52373707,-1.973722912,211.879511,32.35,171.255129
162,33932,1,44.26,124.17,26.92,1,27,0,1,15,0,1,3,4,4.25,17.02,0.97,10.23,100,13/07/2021,10:23:00,6,175,2021,Male,32.148215,34.933268,182,0.4,99.6,42,0,1,41,61.11,CST,1,0,1,1,0,1,1,2,4.125530269,159,9,0,2.32532458,1,0,0,0,17.02938637,7,-3.846153846,2.302456296,0.645764462,181.8959536,11.51,174.9306266
163,33932,2,44.26,114.57,24.36,1,35,0,0,6,0,0,2,4,4.68,18.73,1.38,13.94,99,20/07/2021,12:16:00,10,173,2021,Male,32.148215,34.933268,182,0.2,99.8,38,0,2,36,72.97,CST,1,0,0,1,0,0,1,2,4.327817002,146,11,0,2.634762405,1,0,0,0,17.46997424,7,-4.945054945,0.872108393,0.811162963,181.8959536,11.51,172.9314194
164,33932,3,44.26,124.13,12.18,1,21,0,1,0,0,1,2,2,5.62,11.24,0.34,8.52,100,26/07/2021,11:38:00,9,182,2021,Male,32.148215,34.933268,182,0.1,99.9,19,0,2,17,62.94,CST,1,0,1,0,0,1,1,1.414213562,3.352610923,156,12,0,2.142416341,1,0,0,0,17.32050808,7,0,2.886429224,-0.367217055,181.8959536,11.51,181.9278516
165,33933,1,44.26,131.5,13.46,1,13,0,0,6,0,0,1,3,3.49,10.48,0.9,7.35,100,13/07/2021,8:01:00,1,156,2021,Female,32.148215,34.933268,167,13.4,86.6,21,2,0,19,177.66,CST,1,0,0,1,0,0,0,1.732050808,3.237282811,165,7,1,1.994700313,1,1,0,1,16.78392088,7,-6.586826347,2.219353755,0.603115364,163.8146368,11.51,153.9307763
166,33933,2,44.26,49.67,19.23,1,2,0,0,3,0,0,0,5,3.89,19.47,2.31,7.99,48,20/07/2021,9:42:00,5,153,2021,Female,32.148215,34.933268,167,15.6,84.4,30,0,1,29,75.18,CST,1,0,0,1,0,0,0,2.236067977,4.412482295,66,10,0,2.07819076,0,1,0,0,17.4642492,7,-8.383233533,0.305289341,0.430455692,163.8146368,11.51,150.970569
167,33933,3,44.26,66.37,17.95,1,0,0,1,0,1,0,0,4,3.87,15.48,0.96,8.78,64,26/07/2021,11:04:00,8,153,2021,Female,32.148215,34.933268,167,0,100,28,1,0,27,91.28,CST,0,0,1,0,1,0,0,2,3.934463115,87,14,0,2.172476408,1,0,0,1,16.78689965,7,-8.383233533,1.001611639,-0.510556906,163.8146368,11.51,150.970569
168,33934,1,33.66,116,15.38,1,3,0,0,0,0,0,4,3,4.28,12.83,1.02,12.74,100,20/07/2021,7:58:00,1,159,2021,Female,31.893447,34.749424,188,38.7,61.3,24,0,1,23,104.45,CST,1,0,0,0,0,0,1,1.732050808,3.581898938,164,6,0,2.54474665,1,1,0,0,15.85812095,7,-15.42553191,1.708412423,0.956990691,184.4140822,49.84,156.8909835
169,33934,2,33.66,129.83,9.62,1,0,0,0,0,0,0,2,1,7.5,7.5,NA,10.51,100,26/07/2021,10:01:00,6,162,2021,Female,31.893447,34.749424,188,33,67,15,1,1,13,176.82,CST,0,0,0,0,0,0,1,1,2.738612788,171,4,1,2.352327185,1,1,0,1,16.99205697,7,-13.82978723,1.296203582,-0.496724803,184.4140822,49.84,159.8511907
170,33934,3,33.66,144.33,6.41,1,0,0,0,0,0,0,1,0,0,0,NA,5.26,100,02/08/2021,8:01:00,1,163,2021,Female,31.893447,34.749424,188,0,100,10,1,1,8,231.2,CST,0,0,0,0,0,0,0,0,0,175,2,1,1.660131027,1,0,0,1,17.2800463,8,-13.29787234,2.425496095,-1.378757472,184.4140822,49.84,160.8379265
171,33935,1,33.66,84.47,21.15,1,16,0,2,2,0,0,3,3,4.34,13.01,0.61,13.05,75,20/07/2021,8:29:00,2,175,2021,Male,31.893447,34.749424,192,60.6,39.4,33,0,2,31,29.49,CST,1,0,1,0,0,0,1,1.732050808,3.606937759,111,8,0,2.568788134,1,1,0,0,15.79810115,7,-8.854166667,2.0145035,0.467757257,184.0805301,49.84,169.9628776
172,33935,2,33.66,88.67,28.21,1,8,0,1,5,0,0,2,2,5.05,10.1,1.44,9.75,68,26/07/2021,7:55:00,1,198,2021,Male,31.893447,34.749424,192,18.8,81.2,44,0,1,43,70.09,CST,1,0,1,1,0,0,1,1.414213562,3.178049716,106,7,0,2.277267285,1,1,0,0,17.19273102,7,3.125,1.807484039,0.109697713,184.0805301,49.84,192.3008558
173,33935,3,33.66,53.17,17.31,1,5,0,1,0,0,0,1,3,4.52,13.56,1.14,8.96,49,02/08/2021,10:59:00,7,180,2021,Male,31.893447,34.749424,192,0.1,99.9,27,0,2,25,113.1,CST,1,0,1,0,0,0,0,1.732050808,3.682390528,78,4,0,2.192770227,0,0,0,0,17.40344793,8,-6.25,1.460406079,-0.496655428,184.0805301,49.84,174.8189598
174,33936,1,7.38,80.9,16.03,1,12,0,0,0,0,0,2,2,6.38,12.77,0.16,4.73,61,20/07/2021,8:53:00,3,159,2021,Female,31.896291,34.747267,174,6.2,93.8,25,0,1,24,28,CST,1,0,0,0,0,0,1,1.414213562,3.573513677,96,7,0,1.553925203,1,1,0,0,17.47798615,7,-8.620689655,1.387959977,0.36840514,177.2455956,0.36,161.0505485
175,33936,2,7.38,91.3,31.41,1,21,0,0,0,0,0,4,5,4.74,23.72,2.33,8.74,77,26/07/2021,8:43:00,3,157,2021,Female,31.896291,34.747267,174,21.2,78.8,49,0,2,47,17.19,CST,1,0,0,0,0,0,1,2.236067977,4.870318265,122,4,0,2.16791019,1,1,0,0,14.56880228,7,-9.770114943,1.220559332,2.745275456,177.2455956,0.36,159.0247555
176,33936,3,7.38,86.13,35.26,1,16,1,0,0,0,0,1,6,4.68,28.07,0.79,15.43,93,02/08/2021,11:48:00,9,159,2021,Female,31.896291,34.747267,174,13.7,86.3,55,0,0,55,65.95,CST,1,1,0,0,0,0,0,2.449489743,5.298112872,133,13,0,2.736313666,1,1,0,0,16.126996,8,-8.620689655,0.203745585,2.081156794,177.2455956,0.36,161.0505485
177,33937,1,5.06,67.27,8.33,1,0,0,0,0,0,0,2,6,4.91,29.47,1.33,8.64,65,20/07/2021,10:34:00,7,163,2021,Female,31.896682,34.746136,177,0.7,99.3,13,0,1,12,154.92,CST,0,0,0,0,0,0,1,2.449489743,5.428627819,101,6,1,2.156402583,1,0,0,0,17.2017441,7,-7.90960452,-0.015875831,-0.030704838,172.8242965,0,160.323977
178,33937,2,5.06,42.57,17.31,1,0,0,0,0,0,0,0,8,4.91,39.28,1.24,9.33,45,26/07/2021,8:19:00,2,171,2021,Female,31.896682,34.746136,177,0.2,99.8,27,0,0,27,100.57,CST,0,0,0,0,0,0,0,2.828427125,6.267375846,59,8,0,2.233235015,0,0,0,0,16.94786122,7,-3.389830508,-0.793977164,0.61593351,172.8242965,0,168.1926384
179,33937,3,5.06,86,26.28,1,0,0,0,0,0,0,0,7,5.35,37.48,1.36,13.07,80,02/08/2021,9:43:00,5,170,2021,Female,31.896682,34.746136,177,2.1,97.9,41,0,2,39,35.71,CST,0,0,0,0,0,0,0,2.645751311,6.122091146,123,7,0,2.570319528,1,1,0,0,17.7707625,8,-3.95480226,-0.732296335,0.715224244,172.8242965,0,167.2090557
180,33938,1,7.38,53.1,30.13,1,6,0,1,13,0,1,1,3,5.79,17.36,1.37,7.52,49,20/07/2021,10:08:00,6,170,2021,Male,31.896291,34.747267,191,32,68,47,0,0,47,63.54,CST,1,0,1,1,0,1,0,1.732050808,4.166533331,71,6,0,2.017566138,0,1,0,0,16.58613879,7,-10.9947644,1.339911484,0.71332548,194.5626941,0.36,172.1924104
181,33938,2,7.38,18.37,9.62,1,1,0,0,10,0,0,1,3,4.81,14.44,1.25,4.24,22,26/07/2021,9:39:00,5,176,2021,Male,31.896291,34.747267,191,0,100,15,0,0,15,126.46,CST,0,0,0,1,0,0,0,1.732050808,3.8,28,6,1,1.444563269,0,0,0,0,13.33416664,7,-7.853403141,0.785017652,1.296548345,194.5626941,0.36,178.2697896
182,33938,3,7.38,31.93,12.18,1,1,0,0,1,0,0,0,3,3.54,10.63,0.27,6.44,32,02/08/2021,8:49:00,3,179,2021,Male,31.896291,34.747267,191,0.1,99.9,19,0,0,19,95.37,CST,0,0,0,0,0,0,0,1.732050808,3.260368077,42,7,0,1.86252854,0,0,0,0,17.74260409,8,-6.282722513,-0.327833196,-0.956719932,194.5626941,0.36,181.3084792
183,33939,1,6.41,74.93,28.85,1,3,0,0,18,0,0,1,4,4.68,18.72,2.06,28.76,82,20/07/2021,11:11:00,8,157,2021,Female,31.897508,34.745652,176,10.3,89.7,45,0,1,44,70.5,CST,1,0,0,1,0,0,0,2,4.326661531,84,24,0,3.358985533,1,1,0,0,16.84636459,7,-10.79545455,-0.252780842,0.812317825,173.4455532,0,155.4165044
184,33939,2,6.41,119.7,15.38,1,6,0,0,2,0,0,4,1,8.25,8.25,NA,15.95,100,26/07/2021,10:39:00,7,161,2021,Female,31.897508,34.745652,176,0,100,24,1,0,23,90.42,CST,1,0,0,0,0,0,1,1,2.872281323,158,8,0,2.769458829,1,0,0,1,17.04992669,7,-8.522727273,1.434376991,0.081475627,173.4455532,0,159.3761605
185,33939,3,6.41,91.07,32.69,1,0,2,0,0,0,0,4,2,5.89,11.77,0.22,41.41,100,02/08/2021,12:14:00,10,160,2021,Female,31.897508,34.745652,176,1.4,98.6,51,1,1,49,85.6,CST,0,1,0,0,0,0,1,1.414213562,3.43074336,124,19,0,3.723522398,1,1,0,1,17.79887637,8,-9.090909091,-1.224295841,-0.32520455,173.4455532,0,158.3862465
186,33946,1,55.39,99.1,17.95,1,26,0,0,71,0,0,3,4,4.49,17.98,0.55,13.14,93,02/08/2021,9:18:00,4,185,2021,Male,32.360706,34.924861,203,1.6,98.4,28,0,2,26,57.44,CST,1,0,0,1,0,0,1,2,4.240283009,143,13,0,2.575661013,1,1,0,0,17.25398505,8,-8.866995074,0.90192926,0.521015782,195.5104532,96.21,180.2402673
187,33946,2,55.39,37.5,22.44,1,4,0,0,28,0,0,1,3,5.95,17.86,1.47,6.27,36,09/08/2021,8:48:00,3,183,2021,Male,32.360706,34.924861,203,1,99,35,0,1,34,51.82,CST,1,0,0,1,0,0,0,1.732050808,4.226109322,56,2,0,1.835776355,0,1,0,0,17.51427989,8,-9.852216749,0.190991769,0.50778666,195.5104532,96.21,178.2917239
188,33947,1,50.52,136.17,12.82,1,1,0,2,0,0,0,3,0,0,0,NA,6.74,100,02/08/2021,10:35:00,6,173,2021,Female,32.361385,34.921145,185,0.1,99.9,20,1,1,18,49.91,CST,0,0,1,0,0,0,1,0,0,174,2,0,1.908059925,1,0,0,1,17.07747054,8,-6.486486486,2.988138581,-1.723871538,190.2816286,61.02,176.4097457
189,33947,3,50.52,83.47,23.08,1,0,0,0,5,0,0,1,0,0,0,NA,10.53,85,16/08/2021,8:22:00,1,170,2021,Female,32.361385,34.921145,185,0.1,99.9,36,0,1,35,38.05,CST,0,0,0,1,0,0,0,0,0,122,20,0,2.354228326,1,0,0,0,17.11695066,8,-8.108108108,0.511705242,-1.153295101,190.2816286,61.02,173.3506172
190,33948,1,32.76,89.07,18.59,1,3,0,0,1,0,0,0,4,2.84,11.36,2.13,7.84,66,02/08/2021,8:25:00,2,178,2021,Male,32.364954,34.920902,185,19.6,80.4,29,0,2,27,3.29,CST,1,0,0,0,0,0,0,2,3.370459909,99,10,0,2.059238834,1,1,0,0,12.76322843,8,-3.783783784,2.274185375,2.534394052,181.4713042,46.3,175.6389627
191,33948,2,32.76,50.37,16.03,1,2,0,0,0,0,0,2,3,7.79,23.36,2.3,6.75,45,09/08/2021,8:03:00,1,171,2021,Male,32.364954,34.920902,185,0.5,99.5,25,0,0,25,58.27,CST,1,0,0,0,0,0,1,1.732050808,4.833218389,72,3,0,1.909542505,0,0,0,0,17.1784749,8,-7.567567568,0.529285794,0.631521606,181.4713042,46.3,168.7318124
192,33948,3,32.76,102.17,25,1,7,0,1,0,1,1,2,1,4,4,NA,9.91,86,16/08/2021,8:46:00,2,179,2021,Male,32.364954,34.920902,185,5.7,94.3,39,0,2,37,85.35,CST,1,0,1,0,1,1,1,1,2,138,7,0,2.293544348,1,1,0,0,17.05872211,8,-3.243243243,2.315652211,-0.303700379,181.4713042,46.3,176.6256984
193,33949,1,55.39,59.17,29.49,1,0,2,0,5,1,0,0,3,5.8,17.41,1.22,19.42,78,02/08/2021,11:24:00,8,174,2021,Female,32.360706,34.924861,189,20.1,79.9,46,0,1,45,19.56,CST,0,1,0,1,1,0,0,1.732050808,4.172529209,107,18,0,2.966303463,1,1,0,0,16.95287586,8,-7.936507937,-1.055718028,0.279830958,188.8919518,96.21,173.931023
194,33949,2,55.39,88.1,33.33,1,0,3,0,2,2,0,4,3,4.98,14.94,1.11,16.75,97,09/08/2021,9:36:00,5,172,2021,Female,32.360706,34.924861,189,17.9,82.1,52,0,2,50,57.99,CST,0,1,0,0,1,0,1,1.732050808,3.865229618,138,20,0,2.818398258,1,1,0,0,17.75302791,8,-8.994708995,-0.732291772,0.193328694,188.8919518,96.21,171.9318158
195,33949,3,55.39,57.67,40.38,1,0,1,0,0,0,0,2,5,4.3,21.52,1.53,25.93,80,16/08/2021,9:34:00,4,178,2021,Female,32.360706,34.924861,189,0.4,99.6,63,0,0,63,43,CST,0,1,0,0,0,0,1,2.236067977,4.638965402,81,21,0,3.2554006,1,0,0,0,17.2017441,8,-5.82010582,-1.71309021,0.704061183,188.8919518,96.21,177.9294373
196,33950,1,32.76,106.43,21.15,1,2,7,1,0,0,0,8,0,0,0,NA,11.76,100,02/08/2021,12:38:00,11,154,2021,Female,32.364954,34.920902,162,98,2,33,0,3,30,48.2,CST,1,1,1,0,0,0,1,0,0,153,16,0,2.464703942,1,1,1,0,16.11676146,8,-4.938271605,2.898130695,-0.753632589,165.0217615,46.3,155.9860659
197,33950,2,32.76,32.33,14.1,1,0,2,0,0,0,0,0,2,9.99,19.98,4.23,4.27,34,09/08/2021,9:12:00,4,155,2021,Female,32.364954,34.920902,162,9.8,90.2,22,0,0,22,145.95,CST,0,1,0,0,0,0,0,1.414213562,4.469899328,49,4,1,1.451613827,0,1,0,0,17.49571376,8,-4.320987654,-0.214710126,-0.180767627,165.0217615,46.3,156.9989624
198,33950,3,32.76,49.47,17.95,1,0,1,0,1,0,0,2,1,4.14,4.14,NA,80.66,98,16/08/2021,9:10:00,3,165,2021,Female,32.364954,34.920902,162,0,100,28,0,2,26,191.38,CST,0,1,0,0,0,0,1,1,2.034698995,56,26,1,4.390242789,1,0,0,0,17.27715254,8,1.851851852,-1.618206808,-1.723585363,165.0217615,46.3,167.1279277
199,50551,1,0,110.03,29.49,1,3,0,0,15,0,0,1,7,3.81,26.68,0.77,22.56,100,07/06/2022,8:05:00,2,192,2022,Male,32.529216,35.412536,204,14.9,85.1,46,0,2,44,144.76,CST,1,0,0,1,0,0,0,2.645751311,5.165268628,139,17,1,3.116178427,1,1,0,0,17.91926338,6,-5.882352941,0.095532604,0.913194262,199.1873248,0,188.8478747
200,50551,2,0,112.83,24.36,1,0,0,0,0,0,0,1,3,6.32,18.97,2.73,10.13,82,13/06/2022,9:09:00,3,194,2022,Male,32.529216,35.412536,204,1.4,98.6,38,0,1,37,43.94,CST,0,0,0,0,0,0,0,1.732050808,4.355456348,128,10,0,2.315501318,1,1,0,0,17.27946758,6,-4.901960784,0.315569583,0.509522372,199.1873248,0,190.8150401
201,50551,3,0,31.57,20.51,1,4,0,0,0,0,0,2,4,4.99,19.96,0.94,17.58,40,21/06/2022,9:27:00,4,183,2022,Male,32.529216,35.412536,204,0.2,99.8,32,0,1,31,71.34,CST,1,0,0,0,0,0,1,2,4.467661581,35,10,0,2.866761892,0,0,0,0,17.30895722,6,-10.29411765,-0.535226091,0.182936979,199.1873248,0,179.9956306
202,50552,1,0,66.73,32.05,1,0,0,1,9,0,0,1,1,5.76,5.76,NA,36.77,96,07/06/2022,12:08:00,9,158,2022,Female,32.529216,35.412536,164,19,81,50,0,0,50,123.65,CST,0,0,1,1,0,0,0,1,2.4,70,27,1,3.604682295,1,1,0,0,17.29161647,6,-3.658536585,-0.258775358,-1.160962538,168.6820924,0,161.114103
203,50552,2,0,61.3,16.67,1,0,0,1,1,0,0,1,1,4.53,4.53,NA,32.35,76,13/06/2022,11:34:00,8,154,2022,Female,32.529216,35.412536,164,0,100,26,0,1,25,196.86,CST,0,0,1,0,0,0,0,1,2.128379665,83,17,1,3.476614021,1,0,0,0,17.78201338,6,-6.097560976,0.095807735,-2.178959816,168.6820924,0,157.035265
204,50552,3,0,53,16.03,1,0,0,1,0,0,1,1,1,5.17,5.17,NA,34.77,86,21/06/2022,12:43:00,10,160,2022,Female,32.529216,35.412536,164,12.5,87.5,25,0,1,24,38.63,CST,0,0,1,0,0,1,0,1,2.2737634,76,21,0,3.548754946,1,1,0,0,18.09696107,6,-2.43902439,-0.169609135,-2.385062721,168.6820924,0,163.1535221
205,50553,1,0,138.67,11.54,1,1,0,3,10,0,0,3,2,5.23,10.46,0.04,6.33,98,07/06/2022,9:10:00,4,176,2022,Male,32.538802,35.410296,187,0.1,99.9,18,0,3,15,186.85,CST,0,0,1,1,0,0,1,1.414213562,3.234192326,165,6,1,1.845300236,1,0,0,0,17.33781993,6,-5.882352941,2.574668953,-0.75979176,183.4331562,0,173.6654912
206,50553,2,0,119.7,28.21,1,3,0,1,5,0,0,3,5,4.25,21.25,1.49,10.76,99,13/06/2022,8:09:00,1,170,2022,Male,32.538802,35.410296,187,3.5,96.5,44,1,1,42,56.1,CST,1,0,1,1,0,0,1,2.236067977,4.609772229,159,9,0,2.375835555,1,1,0,1,17.29739865,6,-9.090909091,2.022401984,0.697555429,183.4331562,0,167.7450767
207,50553,3,0,84.1,26.28,1,0,0,0,10,0,0,2,6,4.5,27.01,1.52,9.85,72,21/06/2022,10:35:00,6,167,2022,Male,32.538802,35.410296,187,1,99,41,0,1,40,94.28,CST,0,0,0,1,0,0,1,2.449489743,5.197114584,109,4,0,2.287471455,1,1,0,0,16.77498137,6,-10.69518717,-0.198198698,0.968396819,183.4331562,0,164.7848695
208,50559,1,98.33,35.87,20.51,1,0,1,0,7,0,0,1,4,4,15.99,1.39,40.71,77,21/06/2022,8:30:00,2,172,2022,Female,32.504095,35.45973,188,0.1,99.9,32,0,0,32,114.06,CST,0,1,0,1,0,0,0,2,3.998749805,34,19,0,3.706473763,1,0,0,0,17.58408371,6,-8.510638298,-1.814563251,-0.906173571,185.2713863,91.95,170.265215
209,50559,2,98.33,35,18.59,1,0,0,0,6,0,0,0,4,3.03,12.11,0.5,49.76,84,28/06/2022,9:25:00,4,175,2022,Female,32.504095,35.45973,188,3.8,96.2,29,0,0,29,84.65,CST,0,0,0,1,0,0,0,2,3.479942528,19,18,0,3.907211448,1,1,0,0,17.47569741,6,-6.914893617,-1.808502424,-1.199909057,185.2713863,91.95,173.2349571
210,50559,3,98.33,24.33,17.31,1,0,0,0,14,0,0,0,2,2.12,4.25,0.6,47.7,77,05/07/2022,10:09:00,8,174,2022,Female,32.504095,35.45973,188,0.2,99.8,27,0,0,27,63.36,CST,0,0,0,1,0,0,0,1.414213562,2.061552813,10,8,0,3.864931398,1,0,0,0,18.06377591,7,-7.446808511,-1.855768767,-2.074106101,185.2713863,91.95,172.245043
211,50560,1,27.05,84.3,12.82,1,9,0,0,9,0,0,4,3,4.28,12.84,1.55,10.4,85,21/06/2022,11:47:00,8,168,2022,Female,32.501736,35.463026,171,0.5,99.5,20,0,2,18,174.94,CST,1,0,0,1,0,0,1,1.732050808,3.583294573,135,10,1,2.341805806,1,0,0,0,17.7707625,6,-1.754385965,0.931149155,-0.187809351,167.7383407,27.28,165.7716052
212,50560,2,27.05,110.87,18.59,1,12,0,0,3,0,0,3,6,4.88,29.3,1.42,10.97,91,28/06/2022,9:00:00,3,167,2022,Female,32.501736,35.463026,171,1.7,98.3,29,0,4,25,116.62,CST,1,0,0,1,0,0,1,2.449489743,5.412947441,142,7,0,2.395164274,1,1,0,0,17.10847743,6,-2.339181287,1.065430218,1.158811933,167.7383407,27.28,164.7848695
213,50560,3,27.05,87.77,13.46,1,0,0,0,2,0,0,1,6,5.95,35.69,1.37,13.95,89,05/07/2022,8:43:00,5,164,2022,Female,32.501736,35.463026,171,0,100,21,0,3,18,198.01,CST,0,0,0,0,0,0,0,2.449489743,5.974110812,134,13,1,2.635479508,1,0,0,0,17.9276323,7,-4.093567251,-0.399142552,-0.012368268,167.7383407,27.28,161.8246622
214,50561,1,4.54,35,21.79,1,0,5,0,81,0,0,0,23,1.86,42.89,0.97,34.87,81,21/06/2022,12:17:00,9,163,2022,Female,32.546349,35.432439,177,7.5,92.5,34,0,2,32,101.81,CST,0,1,0,1,0,0,0,4.795831523,6.549045732,59,24,0,3.551626861,1,1,0,0,18.20714146,6,-7.90960452,-2.282166926,-0.218684255,180.3015542,13.01,165.1021347
215,50561,2,4.54,72.97,32.05,1,1,1,0,132,0,0,2,10,3.95,39.52,1.4,19.13,83,28/06/2022,8:08:00,1,173,2022,Female,32.546349,35.432439,177,5.1,94.9,50,0,2,48,66.75,CST,0,1,0,1,0,0,1,3.16227766,6.286493458,98,20,0,2.951257783,1,1,0,0,17.16974083,6,-2.259887006,-1.249197935,1.105702411,180.3015542,13.01,175.2311
216,50561,3,4.54,51.37,19.23,1,0,0,0,0,0,0,1,14,3.31,46.34,1.76,27.78,78,05/07/2022,9:12:00,6,164,2022,Female,32.546349,35.432439,177,0,100,30,0,2,28,41.71,CST,0,0,0,0,0,0,0,3.741657387,6.80734897,71,26,0,3.324316337,1,0,0,0,18.25102737,7,-7.344632768,-1.832203236,-0.08742674,180.3015542,13.01,166.1150312
217,50562,1,90.55,111.63,11.54,1,3,0,0,0,0,0,0,3,6.06,18.17,0.3,9.16,85,21/06/2022,7:58:00,1,169,2022,Male,32.496584,35.476612,183,25.1,74.9,18,0,2,16,128.38,CST,1,0,0,0,0,0,0,1.732050808,4.262628297,142,5,1,2.214846179,1,1,0,0,17.36951352,6,-7.650273224,1.504794883,0.387267834,177.8637313,75.04,165.6968154
218,50562,2,90.55,71.93,13.46,1,5,0,0,0,0,0,3,3,6.69,20.07,1.94,9.86,75,28/06/2022,8:34:00,2,171,2022,Male,32.496584,35.476612,183,0,100,21,0,2,19,74.26,CST,1,0,0,0,0,0,1,1.732050808,4.479955357,119,10,0,2.288486169,1,0,0,0,18,6,-6.557377049,0.55781042,-0.013985126,177.8637313,75.04,167.6577244
219,50562,3,90.55,84.33,21.79,1,1,1,0,0,1,0,3,2,7.82,15.64,2.93,16.13,88,05/07/2022,11:38:00,11,170,2022,Male,32.496584,35.476612,183,8.9,91.1,34,0,1,33,19.88,CST,0,1,0,0,1,0,1,1.414213562,3.954743987,132,15,0,2.780680892,1,1,0,0,17.34935157,7,-7.103825137,-0.357572072,-0.120294192,177.8637313,75.04,166.6772699
220,50563,1,90.55,68.6,33.33,1,0,1,0,63,0,0,0,14,3.11,43.55,1.01,22.81,81,21/06/2022,9:02:00,3,168,2022,Female,32.496584,35.476612,200,4.4,95.6,52,0,1,51,130.45,CST,0,1,0,1,0,0,0,3.741657387,6.599242381,101,14,1,3.127199036,1,1,0,0,17.67766953,6,-16,-1.644869201,0.937404757,198.0178899,75.04,166.8438056
221,50563,2,90.55,41.5,17.95,1,0,0,0,61,0,0,0,12,4.09,49.04,0.71,12.25,48,28/06/2022,10:13:00,5,169,2022,Female,32.496584,35.476612,200,0.4,99.6,28,0,0,28,175.78,CST,0,0,0,1,0,0,0,3.464101615,7.00285656,62,7,1,2.505525937,0,0,0,0,17.40689519,6,-15.5,-1.231595051,0.570462677,198.0178899,75.04,167.8369235
222,50563,3,90.55,49.63,22.44,1,0,1,0,41,0,0,1,8,3.92,31.4,0.66,12.4,50,05/07/2022,9:38:00,7,166,2022,Female,32.496584,35.476612,200,1.1,98.9,35,0,1,34,86.05,CST,0,1,0,1,0,0,0,2.828427125,5.60357029,65,9,0,2.517696473,1,1,0,0,17.81291666,7,-17,-1.126263714,0.145574252,198.0178899,75.04,164.8575698
223,50564,1,51.68,72.37,51.28,1,0,0,0,10,0,0,0,10,3.8,37.98,1.71,26.39,89,05/07/2022,7:42:00,3,179,2022,Male,32.475804,35.479851,195,1,99,80,0,1,79,27.33,CST,0,0,0,1,0,0,0,3.16227766,6.162791575,113,19,0,3.272985151,1,1,0,0,17.54992877,7,-8.205128205,-2.096154314,1.640380154,202.535367,50.35,183.7681102
224,50564,2,51.68,68.93,45.51,1,0,0,0,11,0,0,0,11,4.33,47.6,1.48,21.57,73,12/07/2022,7:10:00,1,193,2022,Male,32.475804,35.479851,195,0.4,99.6,71,0,0,71,22.26,CST,0,0,0,1,0,0,0,3.31662479,6.899275324,84,12,0,3.07130346,1,0,0,0,17.62413118,7,-1.025641026,-1.978266493,1.647302382,202.535367,50.35,198.141035
225,50564,3,51.68,64.03,57.05,1,0,0,0,8,0,0,0,13,3.28,42.65,1.1,33.53,86,19/07/2022,8:32,4,180,2022,Male,32.475804,35.479851,195,0.7,99.3,89,0,0,89,40.05,CST,0,0,0,1,0,0,0,3.605551275,6.530696747,82,23,0,3.51244056,1,0,0,0,17.55049857,7,-7.692307692,-2.614041794,1.892834906,202.535367,50.35,184.7947477
226,50565,1,0,119.17,25,1,6,0,0,3,0,0,2,3,4.41,13.24,0.45,10.01,95,05/07/2022,12:06:00,12,160,2022,Male,32.494868,35.468137,169,3.7,96.3,39,0,3,36,106.06,CST,1,0,0,1,0,0,1,1.732050808,3.63868108,157,6,0,2.303584593,1,1,0,0,17.2626765,7,-5.325443787,1.304436048,0.853423414,174.67352,10.87,163.7054293
227,50565,2,0,107.1,32.05,1,3,1,1,3,0,0,2,6,4.08,24.5,0.74,12.79,93,12/07/2022,8:51:00,5,169,2022,Male,32.494868,35.468137,169,32.2,67.8,50,0,2,48,84.74,CST,1,1,1,1,0,0,1,2.449489743,4.949747468,138,12,0,2.548663616,1,1,0,0,17.76513439,7,0,1.425193618,0.627765381,174.67352,10.87,172.9138597
228,50565,3,0,33.37,33.97,1,0,0,0,4,0,0,1,3,3.8,11.4,1.01,86.97,97,19/07/2022,7:35,2,166,2022,Male,32.494868,35.468137,169,1.3,98.7,53,0,2,51,63.56,CST,0,0,0,1,0,0,0,1.732050808,3.376388603,26,23,0,4.465563232,1,1,0,0,18.16314951,7,-1.775147929,-2.800084808,-1.075885435,174.67352,10.87,169.8443829
229,50566,1,0,96.1,12.18,1,0,0,0,1,0,0,1,3,5.63,16.89,0.38,9.4,88,05/07/2022,8:09:00,4,161,2022,Female,32.494868,35.468137,172,0.1,99.9,19,0,3,16,161.8,CST,0,0,0,0,0,0,0,1.732050808,4.109744518,140,11,1,2.240709689,1,0,0,0,17.72850812,7,-6.395348837,0.36182459,-0.419572332,176.9104871,10.87,164.1732316
230,50566,2,0,100.47,5.77,1,0,0,0,0,0,0,2,1,5.77,5.77,NA,7.22,80,12/07/2022,9:40:00,7,168,2022,Female,32.494868,35.468137,172,0.1,99.9,9,0,0,9,31.86,CST,0,0,0,0,0,0,1,1,2.40208243,119,12,0,1.976854953,1,0,0,0,17.24673882,7,-2.325581395,1.159447611,-0.944966885,176.9104871,10.87,171.3111982
231,50566,3,0,65.1,28.21,1,0,0,0,0,0,0,1,1,7.32,7.32,NA,11.66,64,19/07/2022,9:32,6,166,2022,Female,32.494868,35.468137,172,0.2,99.8,44,0,1,43,55.19,CST,0,0,0,0,0,0,0,1,2.705549852,82,13,0,2.456164181,1,0,0,0,17.10555465,7,-3.488372093,-0.399214973,-0.130893345,176.9104871,10.87,169.2717791
232,50572,1,1.96,65.97,29.49,1,1,0,0,5,0,0,1,2,4.37,8.75,2.41,16.41,76,05/07/2022,10:38:00,9,164,2022,Female,32.544543,35.396629,172,45.3,54.7,46,0,1,45,78.8,CST,0,0,0,1,0,0,0,1.414213562,2.958039892,109,9,0,2.797890905,1,1,0,0,16.85823241,7,-4.651162791,-0.629299279,0.011222496,173.5390009,6.12,165.016066
233,50572,2,1.96,65.33,38.46,1,0,0,0,0,0,0,0,4,5.25,21.02,1.85,17.82,66,12/07/2022,7:34:00,2,162,2022,Female,32.544543,35.396629,172,0.5,99.5,60,0,1,59,24.16,CST,0,0,0,0,0,0,0,2,4.584757355,84,12,0,2.880321422,1,0,0,0,17.62242889,7,-5.813953488,-1.371268147,0.580396154,173.5390009,6.12,163.003675
234,50572,3,1.96,103.27,8.33,1,0,8,0,1,0,0,2,5,3.47,17.37,0.29,14.03,94,19/07/2022,7:09,1,162,2022,Female,32.544543,35.396629,172,31.6,68.4,13,0,2,11,58.99,CST,0,1,0,0,0,0,1,2.236067977,4.167733197,148,6,0,2.641197894,1,1,0,0,17.34301012,7,-5.813953488,0.40390261,-0.497871558,173.5390009,6.12,163.003675
235,50573,1,1.96,131.47,25,1,0,0,0,12,0,0,1,4,3.54,14.14,0.31,10.79,99,05/07/2022,11:07:00,10,163,2022,Male,32.544543,35.396629,180,0.4,99.6,39,1,1,37,85.61,CST,0,0,0,1,0,0,0,2,3.760319135,160,9,0,2.378619779,1,0,0,1,17.69180601,7,-9.444444444,0.551664647,0.224087,180.7497196,6.12,163.4704339
236,50573,2,1.96,97,21.79,1,0,0,1,13,0,1,3,3,5.76,17.27,0.22,21.63,93,12/07/2022,8:01:00,3,161,2022,Male,32.544543,35.396629,180,0,100,34,0,2,32,21,CST,0,0,1,1,0,1,1,1.732050808,4.155718951,124,14,0,3.07408124,1,0,0,0,17.50771259,7,-10.55555556,0.586062671,-0.757025337,180.7497196,6.12,161.4646617
237,50573,3,1.96,26.83,19.87,1,0,0,0,10,0,0,0,3,3.55,10.66,0.93,112.87,90,19/07/2022,9:01,5,159,2022,Male,32.544543,35.396629,180,0.3,99.7,31,0,2,29,184.76,CST,0,0,0,1,0,0,0,1.732050808,3.264965543,15,12,1,4.726236714,1,0,0,0,18.12732744,7,-11.66666667,-2.659646713,-1.879036924,180.7497196,6.12,159.4588895
238,50574,1,0,107.8,33.33,1,0,0,0,29,0,0,2,4,3.08,12.34,1.92,16.53,96,05/07/2022,7:07:00,2,176,2022,Male,32.534612,35.468487,184,0.5,99.5,52,1,2,49,112.55,CST,0,0,0,1,0,0,1,2,3.512833614,142,8,0,2.805176912,1,0,0,1,17.35511452,7,-4.347826087,-0.249094051,0.384324331,190.1770868,0,180.0759722
239,50574,2,0,87,26.92,1,0,2,0,70,0,0,1,6,7.66,45.97,10.66,14.3,85,12/07/2022,9:16:00,6,171,2022,Male,32.534612,35.468487,184,26.5,73.5,42,0,1,41,100.51,CST,0,1,0,1,0,0,0,2.449489743,6.780117993,127,12,0,2.660259537,1,1,0,0,17.21917536,7,-7.065217391,-0.757683445,1.206935539,190.1770868,0,174.9601775
240,50574,3,0,65.6,32.05,1,0,0,0,61,0,0,1,11,3.42,37.61,0.47,14.85,76,19/07/2022,8:07,3,173,2022,Male,32.534612,35.468487,184,5.9,94.1,50,0,0,50,55.85,CST,0,0,0,1,0,0,0,3.31662479,6.132699243,108,12,0,2.697999865,1,1,0,0,17.72286659,7,-5.97826087,-1.311191804,0.838495876,190.1770868,0,177.0064954
241,50575,1,0,107.93,30.13,1,0,0,0,5,0,0,3,3,5.45,16.35,0.44,11.83,90,05/07/2022,6:43:00,1,166,2022,Female,32.534612,35.468487,181,2.7,97.3,47,0,3,44,63.68,CST,0,0,0,1,0,0,1,1.732050808,4.043513324,140,9,0,2.470638678,1,1,0,0,18.24006579,7,-8.287292818,-0.22033884,0.12074029,181.7538848,0,166.4790922
242,50575,2,0,107.97,14.1,1,5,0,1,6,1,0,6,1,6.21,6.21,NA,13.47,100,12/07/2022,8:27:00,4,174,2022,Female,32.534612,35.468487,181,0,100,22,1,1,20,93.65,CST,1,0,1,1,1,0,1,1,2.491987159,141,19,0,2.60046499,1,0,0,1,17.89692711,7,-3.867403315,2.240552124,-1.115778559,181.7538848,0,174.502181
243,50575,3,0,78.13,17.95,1,1,0,1,1,4,0,1,1,4.8,4.8,NA,26.52,95,19/07/2022,10:07,7,173,2022,Female,32.534612,35.468487,181,6.2,93.8,28,0,1,27,43.56,CST,0,0,1,0,1,0,0,1,2.19089023,99,27,0,3.277899165,1,1,0,0,17.70593121,7,-4.419889503,0.482450623,-1.889181212,181.7538848,0,173.4992949
