,Lapwing_ID,Spur_mm,Wing_mm,Tail_mm,Leg_mm,Total SMI,Test_Number,Box_time,Fields 1,Urban,Bare_Ground,Clouds,Fields 2,Natural,Fields 3,Snow,mataim,WaterPonds,dirt road,Main roads,Experiment,Date,Time,Trial_order,Weight,Year,Sex,Nest_X,Nest_Y,Initial_weight,UrbanizationScore,Months,WeightLoss,LTEBinomial,Experiment SMI
1,22720,10.8,205,92,77.9,189.7872056,3,41.4,0,0,0,0,0,0,0,0,0,100,0,0,LTE,17/05/2022,8:44:00,1,183,2022,Male,32.525621,35.443768,189,0,5,-3.174603175,0,183.5281558
2,22720,10.8,205,92,77.9,189.7872056,1,168.29,0,0,0,0,0,0,0,0,0,100,0,0,LTE,03/05/2022,8:52:00,1,180,2022,Male,32.525621,35.443768,189,0,5,-4.761904762,0,180.5194976
3,22720,10.8,205,92,77.9,189.7872056,2,0.86,0,0,0,0,0,0,0,0,0,100,0,0,LTE,10/05/2022,10:39:00,5,189,2022,Male,32.525621,35.443768,189,0,5,0,0,189.5454724
4,22726,10.2,206,94,75.5,176.898812,2,600,22.37,0,0,0,0,16.88,0,0,0,60.44,0.31,0,LTE,17/05/2022,10:59:00,5,170,2022,Male,32.527179,35.445369,177,0,5,-3.95480226,1,169.9326087
5,22726,10.2,206,94,75.5,176.898812,1,600,22.37,0,0,0,0,16.88,0,0,0,60.44,0.31,0,LTE,10/05/2022,8:56:00,2,166,2022,Male,32.527179,35.445369,177,0,5,-6.214689266,1,165.9341943
6,22726,10.2,206,94,75.5,176.898812,3,600,22.37,0,0,0,0,16.88,0,0,0,60.44,0.31,0,LTE,24/05/2022,12:41:00,8,168,2022,Male,32.527179,35.445369,177,0,5,-5.084745763,1,167.9334015
7,22727,11,205,94,77.7,188.7830405,2,0.97,16.43,0,0,0,0,0,0,0,0,83.44,0.13,0,LTE,17/05/2022,10:00:00,3,182,2022,Male,32.524517,35.444488,188,0,5,-3.191489362,0,182.5252698
8,22727,11,205,94,77.7,188.7830405,3,112.96,16.43,0,0,0,0,0,0,0,0,83.44,0.13,0,LTE,24/05/2022,9:41:00,3,185,2022,Male,32.524517,35.444488,188,0,5,-1.595744681,0,185.533928
9,22727,11,205,94,77.7,188.7830405,1,258.29,16.43,0,0,0,0,0,0,0,0,83.44,0.13,0,LTE,10/05/2022,8:26:00,1,181,2022,Male,32.524517,35.444488,188,0,5,-3.723404255,1,181.5223837
10,22728,7.7,203,92,76.8,177.4109222,3,369.81,22.37,0,0,0,0,16.88,0,0,0,60.44,0.31,0,LTE,24/05/2022,8:25:00,1,174,2022,Female,32.527179,35.445369,175,0,5,-0.571428571,1,175.6586056
11,22728,7.7,203,92,76.8,177.4109222,1,598.36,22.37,0,0,0,0,16.88,0,0,0,60.44,0.31,0,LTE,10/05/2022,10:02:00,4,165,2022,Female,32.527179,35.445369,175,0,5,-5.714285714,1,166.5728156
12,22728,7.7,203,92,76.8,177.4109222,2,600,22.37,0,0,0,0,16.88,0,0,0,60.44,0.31,0,LTE,17/05/2022,9:23:00,2,179,2022,Female,32.527179,35.445369,175,0,5,2.285714286,1,180.7062666
13,22729,7.6,208,95,76.1,187.1269059,1,206.01,16.43,0,0,0,0,0,0,0,0,83.44,0.13,0,LTE,10/05/2022,9:33:00,3,188,2022,Female,32.524517,35.444488,189,0,5,-0.529100529,0,186.7061634
14,22729,7.6,208,95,76.1,187.1269059,2,557.57,16.43,0,0,0,0,0,0,0,0,83.44,0.13,0,LTE,17/05/2022,10:24:00,4,177,2022,Female,32.524517,35.444488,189,0,5,-6.349206349,1,175.7818666
15,22729,7.6,208,95,76.1,187.1269059,3,600,16.43,0,0,0,0,0,0,0,0,83.44,0.13,0,LTE,24/05/2022,11:29:00,6,180,2022,Female,32.524517,35.444488,189,0,5,-4.761904762,1,178.7612203
16,22737,9.4,205,92,72.5,194.8080312,2,135.24,18.79,0,0,0,0,13.14,0,0,0,67.14,0.92,0,LTE,31/05/2022,9:35:00,4,173,2022,Male,32.536023,35.415447,194,0,5,-10.82474227,0,173.4992949
17,22737,9.4,205,92,72.5,194.8080312,3,540.71,18.79,0,0,0,0,13.14,0,0,0,67.14,0.92,0,LTE,07/06/2022,12:39:00,10,178,2022,Male,32.536023,35.415447,194,0,6,-8.24742268,1,178.5137254
18,22737,9.4,205,92,72.5,194.8080312,1,0,18.79,0,0,0,0,13.14,0,0,0,67.14,0.92,0,LTE,24/05/2022,10:16:00,4,173,2022,Male,32.536023,35.415447,194,0,5,-10.82474227,0,173.4992949
19,22738,9.1,205,90,81.2,180.7497196,3,202.22,30.94,0,0,0,0,9.84,0,0,0,59.01,0.22,0,LTE,07/06/2022,11:02:00,8,167,2022,Male,32.536876,35.415569,180,0,6,-7.222222222,0,167.4819783
20,22738,9.1,205,90,81.2,180.7497196,1,515.44,30.94,0,0,0,0,9.84,0,0,0,59.01,0.22,0,LTE,24/05/2022,10:52:00,5,168,2022,Male,32.536876,35.415569,180,0,5,-6.666666667,1,168.4848644
21,22738,9.1,205,90,81.2,180.7497196,2,193.12,30.94,0,0,0,0,9.84,0,0,0,59.01,0.22,0,LTE,31/05/2022,9:05:00,3,170,2022,Male,32.536876,35.415569,180,0,5,-5.555555556,0,170.4906366
22,22739,7.9,210,96,76.5,185.3950081,1,98.8,30.94,0,0,0,0,9.84,0,0,0,59.01,0.22,0,LTE,24/05/2022,9:15:00,2,176,2022,Female,32.536876,35.415569,189,0,5,-6.878306878,0,173.6654912
23,22739,7.9,210,96,76.5,185.3950081,2,2.95,30.94,0,0,0,0,9.84,0,0,0,59.01,0.22,0,LTE,31/05/2022,8:40:00,2,176,2022,Female,32.536876,35.415569,189,0,5,-6.878306878,0,173.6654912
24,22739,7.9,210,96,76.5,185.3950081,3,95.37,30.94,0,0,0,0,9.84,0,0,0,59.01,0.22,0,LTE,07/06/2022,8:34:00,3,177,2022,Female,32.536876,35.415569,189,0,6,-6.349206349,0,174.6522269
25,22740,6.8,200,95,75,177.9390365,1,2.92,0,97.72,0,0,0,0,0,0,0,0,2.28,0,LTE,24/05/2022,12:13:00,7,150,2022,Female,32.504349,35.459827,173,86.32,5,-13.29479769,0,152.9564269
26,22740,6.8,200,95,75,177.9390365,2,3.88,0,97.72,0,0,0,0,0,0,0,0,2.28,0,LTE,31/05/2022,10:34:00,6,155,2022,Female,32.504349,35.459827,173,86.32,5,-10.40462428,0,158.0549745
27,22740,6.8,200,95,75,177.9390365,3,1.1,0,97.72,0,0,0,0,0,0,0,0,2.28,0,LTE,07/06/2022,14:48:00,13,156,2022,Female,32.504349,35.459827,173,86.32,6,-9.826589595,0,159.074684
28,22745,9.8,210,95,79.9,182.4522302,3,496.69,83.67,0,0,0,0,0,0,0,0,13.92,2.41,0,LTE,13/06/2022,12:00:00,9,176,2022,Male,32.516343,35.482869,186,0,6,-5.376344086,1,173.6654912
29,22745,9.8,210,95,79.9,182.4522302,1,470.62,83.67,0,0,0,0,0,0,0,0,13.92,2.41,0,LTE,31/05/2022,10:02:00,5,169,2022,Male,32.516343,35.482869,186,0,5,-9.139784946,1,166.7583409
30,22745,9.8,210,95,79.9,182.4522302,2,2.5,83.67,0,0,0,0,0,0,0,0,13.92,2.41,0,LTE,07/06/2022,10:36:00,7,177,2022,Male,32.516343,35.482869,186,0,6,-4.838709677,0,174.6522269
31,22746,3.6,203,91,79.8,188.5624659,1,97.97,83.67,0,0,0,0,0,0,0,0,13.92,2.41,0,LTE,31/05/2022,8:13:00,1,179,2022,Female,32.516343,35.482869,186,0,5,-3.76344086,0,180.7062666
32,22746,3.6,203,91,79.8,188.5624659,2,342.78,83.67,0,0,0,0,0,0,0,0,13.92,2.41,0,LTE,07/06/2022,14:12:00,12,175,2022,Female,32.516343,35.482869,186,0,6,-5.913978495,1,176.6681378
33,22746,3.6,203,91,79.8,188.5624659,3,82.74,83.67,0,0,0,0,0,0,0,0,13.92,2.41,0,LTE,13/06/2022,10:06:00,5,170,2022,Female,32.516343,35.482869,186,0,6,-8.602150538,0,171.6204767
34,22747,7.8,205,94,78.8,185.7705452,1,285.7,96.56,0,0,0,0,1.41,0,0,0,0,2.04,0,LTE,31/05/2022,11:00:00,7,167,2022,Female,32.53295,35.451315,185,0,5,-9.72972973,1,167.4819783
35,22747,7.8,205,94,78.8,185.7705452,2,26.61,96.56,0,0,0,0,1.41,0,0,0,0,2.04,0,LTE,07/06/2022,7:39:00,1,174,2022,Female,32.53295,35.451315,185,0,6,-5.945945946,0,174.502181
36,22747,7.8,205,94,78.8,185.7705452,3,8.56,96.56,0,0,0,0,1.41,0,0,0,0,2.04,0,LTE,13/06/2022,8:37:00,2,170,2022,Female,32.53295,35.451315,185,0,6,-8.108108108,0,170.4906366
37,22748,8.6,205,95,71.8,174.724729,2,169.09,31.2,0,0,0,1.56,0,0,0,0,66.73,0.51,0,LTE,13/06/2022,10:40:00,6,161,2022,Male,32.528303,35.413532,174,0,6,-7.471264368,0,161.4646617
38,22748,8.6,205,95,71.8,174.724729,3,38.2,31.2,0,0,0,1.56,0,0,0,0,66.73,0.51,0,LTE,21/06/2022,10:03:00,5,162,2022,Male,32.528303,35.413532,174,0,6,-6.896551724,0,162.4675478
39,22748,8.6,205,95,71.8,174.724729,1,442.23,31.2,0,0,0,1.56,0,0,0,0,66.73,0.51,0,LTE,07/06/2022,10:03:00,6,168,2022,Male,32.528303,35.413532,174,0,6,-3.448275862,1,168.4848644
40,22749,6.3,202,93,77.1,189.4694298,3,0.3,31.2,0,0,0,1.56,0,0,0,0,66.73,0.51,0,LTE,21/06/2022,13:16:00,11,171,2022,Female,32.528303,35.413532,186,0,6,-8.064516129,0,173.2053069
41,22749,6.3,202,93,77.1,189.4694298,1,497.21,31.2,0,0,0,1.56,0,0,0,0,66.73,0.51,0,LTE,07/06/2022,13:38:00,11,172,2022,Female,32.528303,35.413532,186,0,6,-7.52688172,1,174.2182035
42,22749,6.3,202,93,77.1,189.4694298,2,60.48,31.2,0,0,0,1.56,0,0,0,0,66.73,0.51,0,LTE,13/06/2022,11:08:00,7,162,2022,Female,32.528303,35.413532,186,0,6,-12.90322581,0,164.0892381
43,22750,7.9,200,95,75.7,184.1103325,3,229.07,7.39,0,0,0,0,3.22,0,0,0,89.13,0.26,0,LTE,21/06/2022,11:11:00,7,174,2022,Female,32.538802,35.410296,179,0,6,-2.793296089,1,177.4294552
44,22750,7.9,200,95,75.7,184.1103325,2,415.01,7.39,0,0,0,0,3.22,0,0,0,89.13,0.26,0,LTE,13/06/2022,9:35:00,4,180,2022,Female,32.538802,35.410296,179,0,6,0.558659218,1,183.5477123
45,22750,7.9,200,95,75.7,184.1103325,1,140.71,7.39,0,0,0,0,3.22,0,0,0,89.13,0.26,0,LTE,07/06/2022,9:36:00,5,168,2022,Female,32.538802,35.410296,179,0,6,-6.145251397,0,171.3111982
46,32419,7.3,210,93,75.2,177.5476004,1,2.5,44.16,55.84,0,0,0,0,0,0,0,0,0,0,LTE,22/06/2020,13:17:00,5,160,2020,Female,32.451363,35.015859,181,65.8,6,-11.60220994,0,157.8777192
47,32419,7.3,210,93,75.2,177.5476004,2,2.7,44.16,55.84,0,0,0,0,0,0,0,0,0,0,LTE,29/06/2020,10:59:00,3,172,2020,Female,32.451363,35.015859,181,65.8,6,-4.972375691,0,169.7185482
48,32419,7.3,210,93,75.2,177.5476004,3,1.3,44.16,55.84,0,0,0,0,0,0,0,0,0,0,LTE,06/07/2020,10:02:00,2,171,2020,Female,32.451363,35.015859,181,65.8,7,-5.524861878,0,168.7318124
49,32420,11.1,205,97,77.5,195.8121963,1,9.5,16.66,83.34,0,0,0,0,0,0,0,0,0,0,LTE,22/06/2020,12:36:00,4,172,2020,Male,32.444244,34.973546,195,74.93,6,-11.79487179,0,172.4964088
50,32420,11.1,205,97,77.5,195.8121963,2,22.3,16.66,83.34,0,0,0,0,0,0,0,0,0,0,LTE,29/06/2020,12:02:00,5,178,2020,Male,32.444244,34.973546,195,74.93,6,-8.717948718,0,178.5137254
51,32420,11.1,205,97,77.5,195.8121963,3,3.1,16.66,83.34,0,0,0,0,0,0,0,0,0,0,LTE,06/07/2020,11:12:00,4,182,2020,Male,32.444244,34.973546,195,74.93,7,-6.666666667,0,182.5252698
52,32421,8.8,205,93,98.5,193.8038661,3,2.2,49,51,0,0,0,0,0,0,0,0,0,0,LTE,06/07/2020,11:41:00,5,179,2020,Male,32.451819,35.015313,193,55.29,7,-7.25388601,0,179.5166115
53,32421,8.8,205,93,98.5,193.8038661,1,244.24,49,51,0,0,0,0,0,0,0,0,0,0,LTE,22/06/2020,11:55:00,3,175,2020,Male,32.451819,35.015313,193,55.29,6,-9.32642487,1,175.5050671
54,32421,8.8,205,93,98.5,193.8038661,2,1.5,49,51,0,0,0,0,0,0,0,0,0,0,LTE,29/06/2020,11:32:00,4,182,2020,Male,32.451819,35.015313,193,55.29,6,-5.699481865,0,182.5252698
55,32422,3.5,205,91,75.5,171.7122337,1,119.67,10.98,89.02,0,0,0,0,0,0,0,0,0,0,LTE,22/06/2020,13:49:00,6,159,2020,Female,32.444296,34.973194,171,74.65,6,-7.01754386,0,159.4588895
56,32422,3.5,205,91,75.5,171.7122337,2,266.5,10.98,89.02,0,0,0,0,0,0,0,0,0,0,LTE,29/06/2020,10:21:00,2,166,2020,Female,32.444296,34.973194,171,74.65,6,-2.923976608,1,166.4790922
57,32422,3.5,205,91,75.5,171.7122337,3,140.61,10.98,89.02,0,0,0,0,0,0,0,0,0,0,LTE,06/07/2020,10:33:00,3,162,2020,Female,32.444296,34.973194,171,74.65,7,-5.263157895,0,162.4675478
58,32424,10.9,211,98,78.5,191.3760571,1,1.5,48.58,51.42,0,0,0,0,0,0,0,0,0,0,LTE,22/06/2020,9:15:00,1,182,2020,Male,32.444662,34.971278,196,49.12,6,-7.142857143,0,179.0120479
59,32424,10.9,211,98,78.5,191.3760571,2,2.8,48.58,51.42,0,0,0,0,0,0,0,0,0,0,LTE,29/06/2020,9:47:00,1,191,2020,Male,32.444662,34.971278,196,49.12,6,-2.551020408,0,187.864292
60,32424,10.9,211,98,78.5,191.3760571,3,108.44,48.58,51.42,0,0,0,0,0,0,0,0,0,0,LTE,08/07/2020,11:05:00,3,174,2020,Male,32.444662,34.971278,196,49.12,7,-11.2244898,0,171.1433865
61,32431,10,205,97,77.5,181.7538848,2,448.93,46.8,53.2,0,0,0,0,0,0,0,0,0,0,LTE,08/07/2020,11:40:00,4,174,2020,Male,32.142379,34.819771,181,47.53,7,-3.867403315,1,174.502181
62,32431,10,205,97,77.5,181.7538848,1,246.67,46.8,53.2,0,0,0,0,0,0,0,0,0,0,LTE,02/07/2020,10:39:00,3,173,2020,Male,32.142379,34.819771,181,47.53,7,-4.419889503,1,173.4992949
63,32431,10,205,97,77.5,181.7538848,3,600,46.8,53.2,0,0,0,0,0,0,0,0,0,0,LTE,16/07/2020,12:37:00,7,170,2020,Male,32.142379,34.819771,181,47.53,7,-6.077348066,1,170.4906366
64,32432,5.6,205,97,74.5,193.8038661,3,600,46.8,53.2,0,0,0,0,0,0,0,0,0,0,LTE,16/07/2020,10:44:00,4,178,2020,Female,32.142379,34.819771,193,47.53,7,-7.772020725,1,178.5137254
65,32432,5.6,205,97,74.5,193.8038661,1,96.16,46.8,53.2,0,0,0,0,0,0,0,0,0,0,LTE,02/07/2020,10:04:00,2,184,2020,Female,32.142379,34.819771,193,47.53,7,-4.663212435,0,184.5310419
66,32432,5.6,205,97,74.5,193.8038661,2,85.53,46.8,53.2,0,0,0,0,0,0,0,0,0,0,LTE,08/07/2020,12:18:00,5,180,2020,Female,32.142379,34.819771,193,47.53,7,-6.735751295,0,180.5194976
67,32433,1.3,201,90,72.3,193.4560202,1,1.6,75.85,24.15,0,0,0,0,0,0,0,0,0,0,LTE,02/07/2020,9:24:00,1,177,2020,Female,32.145961,34.826317,189,36.45,7,-6.349206349,0,179.8831246
68,32433,1.3,201,90,72.3,193.4560202,2,61.02,75.85,24.15,0,0,0,0,0,0,0,0,0,0,LTE,06/07/2020,9:29:00,1,179,2020,Female,32.145961,34.826317,189,36.45,7,-5.291005291,0,181.9157023
69,32434,13.2,218,102,77.9,191.077911,1,10.1,78.68,21.32,0,0,0,0,0,0,0,0,0,0,LTE,02/07/2020,11:17:00,4,188,2020,Male,32.146048,34.826132,202,33.91,7,-6.930693069,0,180.8920244
70,32434,13.2,218,102,77.9,191.077911,2,3.8,78.68,21.32,0,0,0,0,0,0,0,0,0,0,LTE,08/07/2020,12:47:00,6,193,2020,Male,32.146048,34.826132,202,33.91,7,-4.455445545,0,185.7029825
71,32434,13.2,218,102,77.9,191.077911,3,4.5,78.68,21.32,0,0,0,0,0,0,0,0,0,0,LTE,16/07/2020,11:25:00,5,194,2020,Male,32.146048,34.826132,202,33.91,7,-3.96039604,0,186.6651741
72,32435,6.3,204,93,73,185.6463731,1,600,89.34,10.66,0,0,0,0,0,0,0,0,0,0,LTE,08/07/2020,10:21:00,2,169,2020,Female,32.454353,34.939508,184,7.9,7,-8.152173913,1,170.0470437
73,32435,6.3,204,93,73,185.6463731,2,600,89.34,10.66,0,0,0,0,0,0,0,0,0,0,LTE,16/07/2020,11:54:00,6,172,2020,Female,32.454353,34.939508,184,7.9,7,-6.52173913,1,173.0656302
74,32435,6.3,204,93,73,185.6463731,3,11.5,89.34,10.66,0,0,0,0,0,0,0,0,0,0,LTE,22/07/2020,8:37:00,2,175,2020,Female,32.454353,34.939508,184,7.9,7,-4.891304348,0,176.0842168
75,32436,11.9,203,90,76.9,187.5486892,1,3.4,89.34,10.66,0,0,0,0,0,0,0,0,0,0,LTE,08/07/2020,9:49:00,1,174,2020,Male,32.454353,34.939508,185,7.9,7,-5.945945946,0,175.6586056
76,32436,11.9,203,90,76.9,187.5486892,2,294.78,89.34,10.66,0,0,0,0,0,0,0,0,0,0,LTE,16/07/2020,10:06:00,3,179,2020,Male,32.454353,34.939508,185,7.9,7,-3.243243243,1,180.7062666
77,32436,11.9,203,90,76.9,187.5486892,3,600,89.34,10.66,0,0,0,0,0,0,0,0,0,0,LTE,22/07/2020,9:42:00,4,178,2020,Male,32.454353,34.939508,185,7.9,7,-3.783783784,1,179.6967344
78,32437,6.4,214,98,78.7,174.3221282,3,1.6,0.01,11.62,3.21,0,0,0,75.78,0,0.13,9.25,0,0,LTE,29/07/2020,10:59:00,5,166,2020,Female,32.492261,34.936742,181,1.76,7,-8.287292818,0,161.7291047
79,32437,6.4,214,98,78.7,174.3221282,1,131.65,0.01,11.62,3.21,0,0,0,75.78,0,0.13,9.25,0,0,LTE,16/07/2020,8:56:00,1,173,2020,Female,32.492261,34.936742,181,1.76,7,-4.419889503,0,168.5490067
80,32437,6.4,214,98,78.7,174.3221282,2,50.75,0.01,11.62,3.21,0,0,0,75.78,0,0.13,9.25,0,0,LTE,22/07/2020,9:08:00,3,170,2020,Female,32.492261,34.936742,181,1.76,7,-6.077348066,0,165.6261916
81,32438,12.9,208,94,72.7,186.1368165,2,35.19,0.01,11.62,3.21,0,0,0,75.78,0,0.13,9.25,0,0,LTE,22/07/2020,8:07:00,1,190,2020,Male,32.492261,34.936742,188,1.76,7,1.063829787,0,188.6923992
82,32438,12.9,208,94,72.7,186.1368165,3,2.7,0.01,11.62,3.21,0,0,0,75.78,0,0.13,9.25,0,0,LTE,29/07/2020,12:00:00,7,181,2020,Male,32.492261,34.936742,188,1.76,7,-3.723404255,0,179.7543382
83,32438,12.9,208,94,72.7,186.1368165,1,3.4,0.01,11.62,3.21,0,0,0,75.78,0,0.13,9.25,0,0,LTE,16/07/2020,9:34:00,2,185,2020,Male,32.492261,34.936742,188,1.76,7,-1.595744681,0,183.7268097
84,32441,4.3,204,90,81.5,184.6374254,1,600,77.23,22.77,0,0,0,0,0,0,0,0,0,0,LTE,22/07/2020,10:59:00,6,176,2020,Male,32.149282,34.821199,183,8.04,7,-3.825136612,1,177.0904123
85,32441,4.3,204,90,81.5,184.6374254,2,98.03,77.23,22.77,0,0,0,0,0,0,0,0,0,0,LTE,29/07/2020,9:56:00,3,186,2020,Male,32.149282,34.821199,183,8.04,7,1.639344262,0,187.1523676
86,32441,4.3,204,90,81.5,184.6374254,3,183.07,77.23,22.77,0,0,0,0,0,0,0,0,0,0,LTE,05/08/2020,8:56:00,1,189,2020,Male,32.149282,34.821199,183,8.04,8,3.278688525,0,190.1709542
87,32442,7.7,201,90,70.3,183.220252,3,36.05,77.23,22.77,0,0,0,0,0,0,0,0,0,0,LTE,05/08/2020,10:40:00,4,165,2020,Female,32.149282,34.821199,179,8.04,8,-7.82122905,0,167.6876585
88,32442,7.7,201,90,70.3,183.220252,1,84.92,77.23,22.77,0,0,0,0,0,0,0,0,0,0,LTE,22/07/2020,12:08:00,8,156,2020,Female,32.149282,34.821199,179,8.04,7,-12.84916201,0,158.541059
89,32442,7.7,201,90,70.3,183.220252,2,7.2,77.23,22.77,0,0,0,0,0,0,0,0,0,0,LTE,29/07/2020,10:28:00,4,170,2020,Female,32.149282,34.821199,179,8.04,7,-5.027932961,0,172.7691027
90,32443,10.2,202,94,77.1,205.7678754,1,4.2,75.47,23.12,0,0,0,1.41,0,0,0,0,0,0,LTE,22/07/2020,11:38:00,7,188,2020,Male,32.150295,34.824524,202,21.63,7,-6.930693069,0,190.424548
91,32443,10.2,202,94,77.1,205.7678754,2,2.8,75.47,23.12,0,0,0,1.41,0,0,0,0,0,0,LTE,29/07/2020,11:28:00,6,195,2020,Male,32.150295,34.824524,202,21.63,7,-3.465346535,0,197.5148237
92,32443,10.2,202,94,77.1,205.7678754,3,1.3,75.47,23.12,0,0,0,1.41,0,0,0,0,0,0,LTE,05/08/2020,11:09:00,5,192,2020,Male,32.150295,34.824524,202,21.63,8,-4.95049505,0,194.4761341
93,32444,5.5,202,90,77.7,172.1523314,2,29.58,28.52,71.48,0,0,0,0,0,0,0,0,0,0,LTE,29/07/2020,9:28:00,2,166,2020,Female,32.142242,34.819781,169,60.87,7,-1.775147929,0,168.1408243
94,32444,5.5,202,90,77.7,172.1523314,1,187.51,28.52,71.48,0,0,0,0,0,0,0,0,0,0,LTE,22/07/2020,10:24:00,5,156,2020,Female,32.142242,34.819781,169,60.87,7,-7.692307692,0,158.011859
95,32444,5.5,202,90,77.7,172.1523314,3,129.61,28.52,71.48,0,0,0,0,0,0,0,0,0,0,LTE,05/08/2020,10:09:00,3,163,2020,Female,32.142242,34.819781,169,60.87,8,-3.550295858,0,165.1021347
96,32445,6.4,207,94,75.7,181.0420694,1,2.2,32.23,67.77,0,0,0,0,0,0,0,0,0,0,LTE,27/07/2020,10:00:00,1,168,2020,Female,32.139344,34.823647,182,66.43,7,-7.692307692,0,167.386401
97,32445,6.4,207,94,75.7,181.0420694,2,2.7,32.23,67.77,0,0,0,0,0,0,0,0,0,0,LTE,03/08/2020,10:20:00,3,172,2020,Female,32.139344,34.823647,182,66.43,8,-5.494505495,0,171.3717915
98,32446,6.6,206,93,74.6,204.8828049,1,600,23.49,76.36,0,0,0,0.14,0,0,0,0,0,0,LTE,27/07/2020,10:30:00,2,172,2020,Female,32.143061,34.823788,205,78.37,7,-16.09756098,1,171.9318158
99,32446,6.6,206,93,74.6,204.8828049,2,600,23.49,76.36,0,0,0,0.14,0,0,0,0,0,0,LTE,03/08/2020,9:40:00,2,169,2020,Female,32.143061,34.823788,205,78.37,8,-17.56097561,1,168.9330051
100,32446,6.6,206,93,74.6,204.8828049,3,308.83,23.49,76.36,0,0,0,0.14,0,0,0,0,0,0,LTE,10/08/2020,9:02:00,1,169,2020,Female,32.143061,34.823788,205,78.37,8,-17.56097561,1,168.9330051
101,32447,10.3,198,91,74.4,170.3374368,2,58.17,53.28,44.6,0,0,0,2.12,0,0,0,0,0,0,LTE,03/08/2020,9:10:00,1,166,2020,Male,32.146597,34.812101,164,42.55,8,1.219512195,0,170.4218229
102,32447,10.3,198,91,74.4,170.3374368,1,24.08,53.28,44.6,0,0,0,2.12,0,0,0,0,0,0,LTE,27/07/2020,11:07:00,3,159,2020,Male,32.146597,34.812101,164,42.55,7,-3.048780488,0,163.2353605
103,32447,10.3,198,91,74.4,170.3374368,3,71.22,53.28,44.6,0,0,0,2.12,0,0,0,0,0,0,LTE,10/08/2020,9:40:00,2,173,2020,Male,32.146597,34.812101,164,42.55,8,5.487804878,0,177.6082853
104,33665,9.8,215,96,76.8,174.4930024,3,4.4,75.94,23.72,0,0,0,0,0.34,0,0,0,0,0,LTE,12/08/2020,9:08:00,1,179,2020,Female,31.78631,34.672921,182,14.4,8,-1.648351648,0,173.8477434
105,33665,9.8,215,96,76.8,174.4930024,1,117.61,75.94,23.72,0,0,0,0,0.34,0,0,0,0,0,LTE,29/07/2020,8:56:00,1,164,2020,Female,31.78631,34.672921,182,14.4,7,-9.89010989,0,159.2794967
106,33665,9.8,215,96,76.8,174.4930024,2,387.18,75.94,23.72,0,0,0,0,0.34,0,0,0,0,0,LTE,05/08/2020,9:28:00,2,176,2020,Female,31.78631,34.672921,182,14.4,8,-3.296703297,1,170.9340941
107,33858,6.8,204,88,73.5,186.6553207,1,2.12,74,26,0,0,0,0,0,0,0,0,0,0,LTE,01/05/2021,9:40:00,3,170,2021,Female,32.148673,34.820411,185,15.91,5,-8.108108108,0,171.0532392
108,33858,6.8,204,88,73.5,186.6553207,2,53.42,74,26,0,0,0,0,0,0,0,0,0,0,LTE,10/05/2021,8:24:00,1,174,2021,Female,32.148673,34.820411,185,15.91,5,-5.945945946,0,175.0780213
109,33858,6.8,204,88,73.5,186.6553207,3,600,74,26,0,0,0,0,0,0,0,0,0,0,LTE,17/05/2021,11:02:00,6,173,2021,Female,32.148673,34.820411,185,15.91,5,-6.486486486,1,174.0718258
110,33859,6.4,211,90,70,175.7535219,1,3.46,31.99,68.01,0,0,0,0,0,0,0,0,0,0,LTE,01/05/2021,8:48:00,1,190,2021,Female,32.140829,34.821023,180,32.88,5,5.555555556,0,186.8807094
111,33859,6.4,211,90,70,175.7535219,2,3.15,31.99,68.01,0,0,0,0,0,0,0,0,0,0,LTE,10/05/2021,9:50:00,4,182,2021,Female,32.140829,34.821023,180,32.88,5,1.111111111,0,179.0120479
112,33859,6.4,211,90,70,175.7535219,3,600,31.99,68.01,0,0,0,0,0,0,0,0,0,0,LTE,17/05/2021,11:37:00,7,169,2021,Female,32.140829,34.821023,180,32.88,5,-6.111111111,1,166.2254731
113,33860,7.9,205,94,74.5,182.7580499,3,385.66,31.99,68.01,0,0,0,0,0,0,0,0,0,0,LTE,17/05/2021,8:50:00,2,163,2021,Male,32.140829,34.821023,182,32.88,5,-10.43956044,1,163.4704339
114,33860,7.9,205,94,74.5,182.7580499,1,9.98,31.99,68.01,0,0,0,0,0,0,0,0,0,0,LTE,01/05/2021,9:15:00,2,163,2021,Male,32.140829,34.821023,182,32.88,5,-10.43956044,0,163.4704339
115,33860,7.9,205,94,74.5,182.7580499,2,75.33,31.99,68.01,0,0,0,0,0,0,0,0,0,0,LTE,10/05/2021,9:22:00,3,166,2021,Male,32.140829,34.821023,182,32.88,5,-8.791208791,0,166.4790922
116,33866,8.6,201,94,76.3,215.9747104,1,104.6,85.15,0.03,0,0,0,0,1.99,0,0,12.83,0,0,LTE,17/05/2021,9:56:00,4,191,2021,Male,32.362509,34.959884,211,0,5,-9.478672986,0,194.1111683
117,33866,8.6,201,94,76.3,215.9747104,2,600,85.15,0.03,0,0,0,0,1.99,0,0,12.83,0,0,LTE,17/05/2021,9:56:00,4,191,2021,Male,32.362509,34.959884,211,0,5,-9.478672986,1,194.1111683
118,33866,8.6,201,94,76.3,215.9747104,3,212.95,85.15,0.03,0,0,0,0,1.99,0,0,12.83,0,0,LTE,24/05/2021,9:08:00,3,194,2021,Male,32.362509,34.959884,211,0,5,-8.056872038,0,197.1600349
119,33867,4.4,200,90,73.5,197.481474,3,600,85.15,0.03,0,0,0,0,1.99,0,0,12.83,0,0,LTE,24/05/2021,8:08:00,1,169,2021,Female,32.362509,34.959884,192,0,5,-11.97916667,1,172.3309077
120,33867,4.4,200,90,73.5,197.481474,1,600,85.15,0.03,0,0,0,0,1.99,0,0,12.83,0,0,LTE,10/05/2021,10:18:00,5,165,2021,Female,32.362509,34.959884,192,0,5,-14.0625,1,168.2520696
121,33867,4.4,200,90,73.5,197.481474,2,600,85.15,0.03,0,0,0,0,1.99,0,0,12.83,0,0,LTE,17/05/2021,9:21:00,3,168,2021,Female,32.362509,34.959884,192,0,5,-12.5,1,171.3111982
122,33868,8.8,206,98,77.3,176.898812,2,14.86,10.61,84.25,0,0,0,0.08,5.05,0,0,0,0,0,LTE,17/05/2021,10:36:00,5,168,2021,Male,31.849098,35.036662,177,100,5,-5.084745763,0,167.9334015
123,33868,8.8,206,98,77.3,176.898812,3,15.11,10.61,84.25,0,0,0,0.08,5.05,0,0,0,0,0,LTE,24/05/2021,8:44:00,2,165,2021,Male,31.849098,35.036662,177,100,5,-6.779661017,0,164.9345908
124,33868,8.8,206,98,77.3,176.898812,1,18.71,10.61,84.25,0,0,0,0.08,5.05,0,0,0,0,0,LTE,10/05/2021,10:58:00,6,163,2021,Male,31.849098,35.036662,177,100,5,-7.90960452,0,162.9353836
125,33874,7.4,200,89,74.5,188.2245299,1,599.07,47.01,52.99,0,0,0,0,0,0,0,0,0,0,LTE,17/05/2021,8:13:00,1,173,2021,Female,32.137242,34.82251,183,42.09,5,-5.464480874,1,176.4097457
126,33874,7.4,200,89,74.5,188.2245299,2,600,47.01,52.99,0,0,0,0,0,0,0,0,0,0,LTE,24/05/2021,9:40:00,4,178,2021,Female,32.137242,34.82251,183,42.09,5,-2.732240437,1,181.5082933
127,33874,7.4,200,89,74.5,188.2245299,3,226.57,47.01,52.99,0,0,0,0,0,0,0,0,0,0,LTE,31/05/2021,8:29:00,1,173,2021,Female,32.137242,34.82251,183,42.09,5,-5.464480874,0,176.4097457
128,33896,8.6,204,94,77.9,180.6016347,2,5.42,0,70.01,0,0,0,0.39,0,0,0,29.6,0,0,LTE,14/06/2021,9:10:00,3,172,2021,Male,32.554021,34.912367,179,94.25,6,-3.910614525,0,173.0656302
129,33896,8.6,204,94,77.9,180.6016347,1,201.26,0,70.01,0,0,0,0.39,0,0,0,29.6,0,0,LTE,08/06/2021,8:14:00,1,172,2021,Male,32.554021,34.912367,179,94.25,6,-3.910614525,0,173.0656302
130,33896,8.6,204,94,77.9,180.6016347,3,27.27,0,70.01,0,0,0,0.39,0,0,0,29.6,0,0,LTE,22/06/2021,14:12:00,13,176,2021,Male,32.554021,34.912367,179,94.25,6,-1.675977654,0,177.0904123
131,33897,0,205,93,78.2,163.6789128,3,89.41,0,70.01,0,0,0,0.39,0,0,0,29.6,0,0,LTE,22/06/2021,9:15:00,4,163,2021,Female,32.554021,34.912367,163,94.25,6,0,0,163.4704339
132,33897,0,205,93,78.2,163.6789128,1,564.17,0,70.01,0,0,0,0.39,0,0,0,29.6,0,0,LTE,08/06/2021,9:17:00,3,155,2021,Female,32.554021,34.912367,163,94.25,6,-4.90797546,1,155.4473451
133,33897,0,205,93,78.2,163.6789128,2,92.44,0,70.01,0,0,0,0.39,0,0,0,29.6,0,0,LTE,14/06/2021,11:16:00,7,154,2021,Female,32.554021,34.912367,163,94.25,6,-5.521472393,0,154.444459
134,33898,7.9,209,93,76.7,172.4600671,1,557.07,38.8,60.54,0,0,0,0,0,0,0.66,0,0,0,LTE,08/06/2021,8:43:00,2,172,2021,Female,32.556928,34.919901,175,68.63,6,-1.714285714,1,170.265215
135,33898,7.9,209,93,76.7,172.4600671,2,202.44,38.8,60.54,0,0,0,0,0,0,0.66,0,0,0,LTE,14/06/2021,10:47:00,6,173,2021,Female,32.556928,34.919901,175,68.63,6,-1.142857143,0,171.255129
136,33898,7.9,209,93,76.7,172.4600671,3,28.98,38.8,60.54,0,0,0,0,0,0,0.66,0,0,0,LTE,22/06/2021,10:35:00,7,178,2021,Female,32.556928,34.919901,175,68.63,6,1.714285714,0,176.2046992
137,33901,8.4,203,96,83.5,200.7277863,1,594.39,73.48,26.52,0,0,0,0,0,0,0,0,0,0,LTE,14/06/2021,9:35:00,4,185,2021,Male,32.138756,34.913535,198,16,6,-6.565656566,1,186.7634599
138,33901,8.4,203,96,83.5,200.7277863,2,467.39,73.48,26.52,0,0,0,0,0,0,0,0,0,0,LTE,22/06/2021,11:00:00,8,187,2021,Male,32.138756,34.913535,198,16,6,-5.555555556,1,188.7825244
139,33901,8.4,203,96,83.5,200.7277863,3,600,73.48,26.52,0,0,0,0,0,0,0,0,0,0,LTE,05/07/2021,10:24:00,5,179,2021,Male,32.138756,34.913535,198,16,7,-9.595959596,1,180.7062666
140,33902,10.1,206,90,80.2,189.8913802,3,600,75.78,24.22,0,0,0,0,0,0,0,0,0,0,LTE,05/07/2021,11:28:00,7,172,2021,Male,32.138996,34.913663,190,13.69,7,-9.473684211,1,171.9318158
141,33902,10.1,206,90,80.2,189.8913802,1,103.53,75.78,24.22,0,0,0,0,0,0,0,0,0,0,LTE,14/06/2021,8:43:00,2,172,2021,Male,32.138996,34.913663,190,13.69,6,-9.473684211,0,171.9318158
142,33902,10.1,206,90,80.2,189.8913802,2,13.2,75.78,24.22,0,0,0,0,0,0,0,0,0,0,LTE,22/06/2021,8:01:00,1,187,2021,Male,32.138996,34.913663,190,13.69,6,-1.578947368,0,186.9258695
143,33903,10.3,205,97,82.7,209.8705078,1,600,73.32,15.34,0,0,0,2.29,9.05,0,0,0,0,0,LTE,14/06/2021,10:12:00,5,185,2021,Male,32.147756,34.915143,209,30.73,6,-11.48325359,1,185.533928
144,33903,10.3,205,97,82.7,209.8705078,2,4.1,73.32,15.34,0,0,0,2.29,9.05,0,0,0,0,0,LTE,22/06/2021,8:25:00,2,196,2021,Male,32.147756,34.915143,209,30.73,6,-6.220095694,0,196.5656751
145,33903,10.3,205,97,82.7,209.8705078,3,600,73.32,15.34,0,0,0,2.29,9.05,0,0,0,0,0,LTE,05/07/2021,8:30:00,2,189,2021,Male,32.147756,34.915143,209,30.73,7,-9.56937799,1,189.5454724
146,33904,5.6,209,91,75.6,212.8649971,2,600,73.32,15.34,0,0,0,2.29,9.05,0,0,0,0,0,LTE,22/06/2021,12:34:00,11,170,2021,Female,32.147756,34.915143,216,30.73,6,-21.2962963,1,168.2853869
147,33904,5.6,209,91,75.6,212.8649971,1,72.32,73.32,15.34,0,0,0,2.29,9.05,0,0,0,0,0,LTE,14/06/2021,8:16:00,1,176,2021,Female,32.147756,34.915143,216,30.73,6,-18.51851852,0,174.2248711
148,33904,5.6,209,91,75.6,212.8649971,3,2.9,73.32,15.34,0,0,0,2.29,9.05,0,0,0,0,0,LTE,05/07/2021,8:03:00,1,171,2021,Female,32.147756,34.915143,216,30.73,7,-20.83333333,0,169.2753009
149,33908,12.8,210,97,80.3,192.2614899,2,2.7,44.18,55.82,0,0,0,0,0,0,0,0,0,0,LTE,05/07/2021,12:29:00,9,179,2021,Male,32.156314,34.828409,196,65.49,7,-8.673469388,0,176.6256984
150,33908,12.8,210,97,80.3,192.2614899,3,2.4,44.18,55.82,0,0,0,0,0,0,0,0,0,0,LTE,13/07/2021,10:47:00,7,172,2021,Male,32.156314,34.828409,196,65.49,7,-12.24489796,0,169.7185482
151,33909,0,202,88,80.4,181.320207,1,1.43,44.18,55.82,0,0,0,0,0,0,0,0,0,0,LTE,22/06/2021,13:47:00,12,169,2021,Female,32.156314,34.828409,178,65.49,6,-5.056179775,0,171.1795139
152,33909,0,202,88,80.4,181.320207,2,13.99,44.18,55.82,0,0,0,0,0,0,0,0,0,0,LTE,05/07/2021,11:02:00,6,172,2021,Female,32.156314,34.828409,178,65.49,7,-3.370786517,0,174.2182035
153,33909,0,202,88,80.4,181.320207,3,9.1,44.18,55.82,0,0,0,0,0,0,0,0,0,0,LTE,13/07/2021,11:11:00,8,160,2021,Female,32.156314,34.828409,178,65.49,7,-10.11235955,0,162.0634451
154,33911,10.7,217,100,79.2,184.3321236,2,76.72,48.72,18.05,4.08,0,0,1.22,27.93,0,0,0,0,0,LTE,05/07/2021,9:05:00,3,189,2021,Male,32.131363,34.817854,194,16.71,7,-2.577319588,0,182.4183935
155,33911,10.7,217,100,79.2,184.3321236,1,48.49,48.72,18.05,4.08,0,0,1.22,27.93,0,0,0,0,0,LTE,22/06/2021,10:09:00,6,189,2021,Male,32.131363,34.817854,194,16.71,6,-2.577319588,0,182.4183935
156,33911,10.7,217,100,79.2,184.3321236,3,1.9,48.72,18.05,4.08,0,0,1.22,27.93,0,0,0,0,0,LTE,13/07/2021,9:04:00,3,183,2021,Male,32.131363,34.817854,194,16.71,7,-5.670103093,0,176.6273334
157,33915,9.5,200,90,79.9,181.0246845,3,8.42,67.09,2.85,0,0,0,0,0,0,0,30.06,0,0,LTE,13/07/2021,9:58:00,5,163,2021,Male,32.64722,35.138095,176,0,7,-7.386363636,0,166.2126506
158,33915,9.5,200,90,79.9,181.0246845,1,8.39,67.09,2.85,0,0,0,0,0,0,0,30.06,0,0,LTE,22/06/2021,9:44:00,5,158,2021,Male,32.64722,35.138095,176,0,6,-10.22727273,0,161.114103
159,33915,9.5,200,90,79.9,181.0246845,2,2.87,67.09,2.85,0,0,0,0,0,0,0,30.06,0,0,LTE,05/07/2021,12:04:00,8,160,2021,Male,32.64722,35.138095,176,0,7,-9.090909091,0,163.1535221
160,33916,7.8,204,89,77.4,167.4853148,3,174.31,67.09,2.85,0,0,0,0,0,0,0,30.06,0,0,LTE,13/07/2021,8:37:00,2,154,2021,Female,32.64722,35.138095,166,0,7,-7.228915663,0,154.9541108
161,33916,7.8,204,89,77.4,167.4853148,2,81.95,67.09,2.85,0,0,0,0,0,0,0,30.06,0,0,LTE,05/07/2021,9:59:00,4,155,2021,Female,32.64722,35.138095,166,0,7,-6.626506024,0,155.9603063
162,33931,7.3,209,96,74.4,211.879511,2,12.3,66.72,33.28,0,0,0,0,0,0,0,0,0,0,LTE,20/07/2021,9:17:00,4,172,2021,Female,32.14628,34.927507,215,32.35,7,-20,0,170.265215
163,33931,7.3,209,96,74.4,211.879511,3,12.4,66.72,33.28,0,0,0,0,0,0,0,0,0,0,LTE,26/07/2021,9:09:00,4,173,2021,Female,32.14628,34.927507,215,32.35,7,-19.53488372,0,171.255129
164,33931,7.3,209,96,74.4,211.879511,1,264.8,66.72,33.28,0,0,0,0,0,0,0,0,0,0,LTE,13/07/2021,9:28:00,4,165,2021,Female,32.14628,34.927507,215,32.35,7,-23.25581395,1,163.3358167
165,33932,10.9,206,95,75.5,181.8959536,1,1.3,54.2,44.26,0,0,0,0,1.54,0,0,0,0,0,LTE,13/07/2021,10:23:00,6,175,2021,Male,32.148215,34.933268,182,11.51,7,-3.846153846,0,174.9306266
166,33932,10.9,206,95,75.5,181.8959536,2,3.4,54.2,44.26,0,0,0,0,1.54,0,0,0,0,0,LTE,20/07/2021,12:16:00,10,173,2021,Male,32.148215,34.933268,182,11.51,7,-4.945054945,0,172.9314194
167,33932,10.9,206,95,75.5,181.8959536,3,9.59,54.2,44.26,0,0,0,0,1.54,0,0,0,0,0,LTE,26/07/2021,11:38:00,9,182,2021,Male,32.148215,34.933268,182,11.51,7,0,0,181.9278516
168,33933,7.7,210,95,76,163.8146368,2,93.83,54.2,44.26,0,0,0,0,1.54,0,0,0,0,0,LTE,20/07/2021,9:42:00,5,153,2021,Female,32.148215,34.933268,167,11.51,7,-8.383233533,0,150.970569
169,33933,7.7,210,95,76,163.8146368,1,600,54.2,44.26,0,0,0,0,1.54,0,0,0,0,0,LTE,13/07/2021,8:01:00,1,156,2021,Female,32.148215,34.933268,167,11.51,7,-6.586826347,1,153.9307763
170,33933,7.7,210,95,76,163.8146368,3,600,54.2,44.26,0,0,0,0,1.54,0,0,0,0,0,LTE,26/07/2021,11:04:00,8,153,2021,Female,32.148215,34.933268,167,11.51,7,-8.383233533,1,150.970569
171,33934,5.6,210,96,78.3,184.4140822,3,2.4,66.34,33.66,0,0,0,0,0,0,0,0,0,0,LTE,02/08/2021,8:01:00,1,163,2021,Female,31.893447,34.749424,188,49.84,8,-13.29787234,0,160.8379265
172,33934,5.6,210,96,78.3,184.4140822,1,510.62,66.34,33.66,0,0,0,0,0,0,0,0,0,0,LTE,20/07/2021,7:58:00,1,159,2021,Female,31.893447,34.749424,188,49.84,7,-15.42553191,1,156.8909835
173,33934,5.6,210,96,78.3,184.4140822,2,472.84,66.34,33.66,0,0,0,0,0,0,0,0,0,0,LTE,26/07/2021,10:01:00,6,162,2021,Female,31.893447,34.749424,188,49.84,7,-13.82978723,1,159.8511907
174,33935,9.8,215,95,79.1,184.0805301,1,10.85,66.34,33.66,0,0,0,0,0,0,0,0,0,0,LTE,20/07/2021,8:29:00,2,175,2021,Male,31.893447,34.749424,192,49.84,7,-8.854166667,0,169.9628776
175,33935,9.8,215,95,79.1,184.0805301,2,1.4,66.34,33.66,0,0,0,0,0,0,0,0,0,0,LTE,26/07/2021,7:55:00,1,198,2021,Male,31.893447,34.749424,192,49.84,7,3.125,0,192.3008558
176,33935,9.8,215,95,79.1,184.0805301,3,7.41,66.34,33.66,0,0,0,0,0,0,0,0,0,0,LTE,02/08/2021,10:59:00,7,180,2021,Male,31.893447,34.749424,192,49.84,8,-6.25,0,174.8189598
177,33936,5.5,202,91,79.2,177.2455956,1,2.9,92.49,7.38,0,0,0,0,0.13,0,0,0,0,0,LTE,20/07/2021,8:53:00,3,159,2021,Female,31.896291,34.747267,174,0.36,7,-8.620689655,0,161.0505485
178,33936,5.5,202,91,79.2,177.2455956,2,78.5,92.49,7.38,0,0,0,0,0.13,0,0,0,0,0,LTE,26/07/2021,8:43:00,3,157,2021,Female,31.896291,34.747267,174,0.36,7,-9.770114943,0,159.0247555
179,33936,5.5,202,91,79.2,177.2455956,3,55.85,92.49,7.38,0,0,0,0,0.13,0,0,0,0,0,LTE,02/08/2021,11:48:00,9,159,2021,Female,31.896291,34.747267,174,0.36,8,-8.620689655,0,161.0505485
180,33937,7.8,211,97,82.7,172.8242965,3,50.42,94.37,5.06,0,0,0,0,0.57,0,0,0,0,0,LTE,02/08/2021,9:43:00,5,170,2021,Female,31.896682,34.746136,177,0,8,-3.95480226,0,167.2090557
181,33937,7.8,211,97,82.7,172.8242965,1,594.65,94.37,5.06,0,0,0,0,0.57,0,0,0,0,0,LTE,20/07/2021,10:34:00,7,163,2021,Female,31.896682,34.746136,177,0,7,-7.90960452,1,160.323977
182,33937,7.8,211,97,82.7,172.8242965,2,10.2,94.37,5.06,0,0,0,0,0.57,0,0,0,0,0,LTE,26/07/2021,8:19:00,2,171,2021,Female,31.896682,34.746136,177,0,7,-3.389830508,0,168.1926384
183,33938,8.2,202,90,76.1,194.5626941,1,1.5,92.49,7.38,0,0,0,0,0.13,0,0,0,0,0,LTE,20/07/2021,10:08:00,6,170,2021,Male,31.896291,34.747267,191,0.36,7,-10.9947644,0,172.1924104
184,33938,8.2,202,90,76.1,194.5626941,2,114.42,92.49,7.38,0,0,0,0,0.13,0,0,0,0,0,LTE,26/07/2021,9:39:00,5,176,2021,Male,31.896291,34.747267,191,0.36,7,-7.853403141,0,178.2697896
185,33938,8.2,202,90,76.1,194.5626941,3,272.99,92.49,7.38,0,0,0,0,0.13,0,0,0,0,0,LTE,02/08/2021,8:49:00,3,179,2021,Male,31.896291,34.747267,191,0.36,8,-6.282722513,1,181.3084792
186,33939,8.9,209,93,80.3,173.4455532,2,289.59,92.53,6.41,0,0,0,0,0.57,0,0.49,0,0,0,LTE,26/07/2021,10:39:00,7,161,2021,Female,31.897508,34.745652,176,0,7,-8.522727273,1,159.3761605
187,33939,8.9,209,93,80.3,173.4455532,1,600,92.53,6.41,0,0,0,0,0.57,0,0.49,0,0,0,LTE,20/07/2021,11:11:00,8,157,2021,Female,31.897508,34.745652,176,0,7,-10.79545455,1,155.4165044
188,33939,8.9,209,93,80.3,173.4455532,3,0,92.53,6.41,0,0,0,0,0.57,0,0.49,0,0,0,LTE,02/08/2021,12:14:00,10,160,2021,Female,31.897508,34.745652,176,0,8,-9.090909091,0,158.3862465
189,33946,10.3,214,98,79.6,195.5104532,1,3.1,44.61,55.39,0,0,0,0,0,0,0,0,0,0,LTE,02/08/2021,9:18:00,4,185,2021,Male,32.360706,34.924861,203,96.21,8,-8.866995074,0,180.2402673
190,33946,10.3,214,98,79.6,195.5104532,2,2.1,44.61,55.39,0,0,0,0,0,0,0,0,0,0,LTE,09/08/2021,8:48:00,3,183,2021,Male,32.360706,34.924861,203,96.21,8,-9.852216749,0,178.2917239
191,33946,10.3,214,98,79.6,195.5104532,3,0.1,44.61,55.39,0,0,0,0,0,0,0,0,0,0,LTE,16/08/2021,10:00:00,5,181,2021,Male,32.360706,34.924861,203,96.21,8,-10.83743842,0,176.3431804
192,33947,4.9,200,90,76,190.2816286,1,1.7,41.92,50.52,0,0,0,0,0,0,0,7.56,0,0,LTE,02/08/2021,10:35:00,6,173,2021,Female,32.361385,34.921145,185,61.02,8,-6.486486486,0,176.4097457
193,33947,4.9,200,90,76,190.2816286,2,22.95,41.92,50.52,0,0,0,0,0,0,0,7.56,0,0,LTE,09/08/2021,8:26:00,2,167,2021,Female,32.361385,34.921145,185,61.02,8,-9.72972973,0,170.2914887
194,33947,4.9,200,90,76,190.2816286,3,3.25,41.92,50.52,0,0,0,0,0,0,0,7.56,0,0,LTE,16/08/2021,8:22:00,1,170,2021,Female,32.361385,34.921145,185,61.02,8,-8.108108108,0,173.3506172
195,33948,11.1,210,99,78,181.4713042,1,1.8,57.52,32.76,0,0,0,0,0,0,0,9.71,0,0,LTE,02/08/2021,8:25:00,2,178,2021,Male,32.364954,34.920902,185,46.3,8,-3.783783784,0,175.6389627
196,33948,11.1,210,99,78,181.4713042,2,2.2,57.52,32.76,0,0,0,0,0,0,0,9.71,0,0,LTE,09/08/2021,8:03:00,1,171,2021,Male,32.364954,34.920902,185,46.3,8,-7.567567568,0,168.7318124
197,33948,11.1,210,99,78,181.4713042,3,0.7,57.52,32.76,0,0,0,0,0,0,0,9.71,0,0,LTE,16/08/2021,8:46:00,2,179,2021,Male,32.364954,34.920902,185,46.3,8,-3.243243243,0,176.6256984
198,33949,7.5,206,95,77.8,188.8919518,3,2.46,44.61,55.39,0,0,0,0,0,0,0,0,0,0,LTE,16/08/2021,9:34:00,4,178,2021,Female,32.360706,34.924861,189,96.21,8,-5.82010582,0,177.9294373
199,33949,7.5,206,95,77.8,188.8919518,1,2.3,44.61,55.39,0,0,0,0,0,0,0,0,0,0,LTE,02/08/2021,11:24:00,8,174,2021,Female,32.360706,34.924861,189,96.21,8,-7.936507937,0,173.931023
200,33949,7.5,206,95,77.8,188.8919518,2,2.15,44.61,55.39,0,0,0,0,0,0,0,0,0,0,LTE,09/08/2021,9:36:00,5,172,2021,Female,32.360706,34.924861,189,96.21,8,-8.994708995,0,171.9318158
201,33950,6.5,202,90,80.5,165.0217615,2,2.47,57.52,32.76,0,0,0,0,0,0,0,9.71,0,0,LTE,09/08/2021,9:12:00,4,155,2021,Female,32.364954,34.920902,162,46.3,8,-4.320987654,0,156.9989624
202,33950,6.5,202,90,80.5,165.0217615,3,1.56,57.52,32.76,0,0,0,0,0,0,0,9.71,0,0,LTE,16/08/2021,9:10:00,3,165,2021,Female,32.364954,34.920902,162,46.3,8,1.851851852,0,167.1279277
203,33950,6.5,202,90,80.5,165.0217615,1,76,57.52,32.76,0,0,0,0,0,0,0,9.71,0,0,LTE,02/08/2021,12:38:00,11,154,2021,Female,32.364954,34.920902,162,46.3,8,-4.938271605,0,155.9860659
204,50551,9.1,211,98,81.4,199.1873248,1,17.64,17.73,0,0,0,7.04,0,0,0,0,74.03,1.2,0,LTE,07/06/2022,8:05:00,2,192,2022,Male,32.529216,35.412536,204,0,6,-5.882352941,0,188.8478747
205,50551,9.1,211,98,81.4,199.1873248,2,30.4,17.73,0,0,0,7.04,0,0,0,0,74.03,1.2,0,LTE,13/06/2022,9:09:00,3,194,2022,Male,32.529216,35.412536,204,0,6,-4.901960784,0,190.8150401
206,50551,9.1,211,98,81.4,199.1873248,3,25.77,17.73,0,0,0,7.04,0,0,0,0,74.03,1.2,0,LTE,21/06/2022,9:27:00,4,183,2022,Male,32.529216,35.412536,204,0,6,-10.29411765,0,179.9956306
207,50552,7.6,200,90,74,168.6820924,1,264.38,17.73,0,0,0,7.04,0,0,0,0,74.03,1.2,0,LTE,07/06/2022,12:08:00,9,158,2022,Female,32.529216,35.412536,164,0,6,-3.658536585,1,161.114103
208,50552,7.6,200,90,74,168.6820924,2,85.83,17.73,0,0,0,7.04,0,0,0,0,74.03,1.2,0,LTE,13/06/2022,11:34:00,8,154,2022,Female,32.529216,35.412536,164,0,6,-6.097560976,0,157.035265
209,50552,7.6,200,90,74,168.6820924,3,21.82,17.73,0,0,0,7.04,0,0,0,0,74.03,1.2,0,LTE,21/06/2022,12:43:00,10,160,2022,Female,32.529216,35.412536,164,0,6,-2.43902439,0,163.1535221
210,50553,9.7,210,91,77.3,183.4331562,1,5.95,7.39,0,0,0,0,3.22,0,0,0,89.13,0.26,0,LTE,07/06/2022,9:10:00,4,176,2022,Male,32.538802,35.410296,187,0,6,-5.882352941,0,173.6654912
211,50553,9.7,210,91,77.3,183.4331562,2,60.07,7.39,0,0,0,0,3.22,0,0,0,89.13,0.26,0,LTE,13/06/2022,8:09:00,1,170,2022,Male,32.538802,35.410296,187,0,6,-9.090909091,0,167.7450767
212,50553,9.7,210,91,77.3,183.4331562,3,185.93,7.39,0,0,0,0,3.22,0,0,0,89.13,0.26,0,LTE,21/06/2022,10:35:00,6,167,2022,Male,32.538802,35.410296,187,0,6,-10.69518717,0,164.7848695
213,50559,8.3,209,94,77.1,185.2713863,1,427.72,0,98.33,0,0,0,0,0,0,0,0,1.67,0,LTE,21/06/2022,8:30:00,2,172,2022,Female,32.504095,35.45973,188,91.95,6,-8.510638298,1,170.265215
214,50559,8.3,209,94,77.1,185.2713863,2,482.04,0,98.33,0,0,0,0,0,0,0,0,1.67,0,LTE,28/06/2022,9:25:00,4,175,2022,Female,32.504095,35.45973,188,91.95,6,-6.914893617,1,173.2349571
215,50559,8.3,209,94,77.1,185.2713863,3,254.13,0,98.33,0,0,0,0,0,0,0,0,1.67,0,LTE,05/07/2022,10:09:00,8,174,2022,Female,32.504095,35.45973,188,91.95,7,-7.446808511,1,172.245043
216,50560,8.5,210,90,80.2,167.7383407,1,274.25,0,27.05,0,0,0,0.1,0,0,0,63.21,3.37,6.27,LTE,21/06/2022,11:47:00,8,168,2022,Female,32.501736,35.463026,171,27.28,6,-1.754385965,1,165.7716052
217,50560,8.5,210,90,80.2,167.7383407,2,1.96,0,27.05,0,0,0,0.1,0,0,0,63.21,3.37,6.27,LTE,28/06/2022,9:00:00,3,167,2022,Female,32.501736,35.463026,171,27.28,6,-2.339181287,0,164.7848695
218,50560,8.5,210,90,80.2,167.7383407,3,195.76,0,27.05,0,0,0,0.1,0,0,0,63.21,3.37,6.27,LTE,05/07/2022,8:43:00,5,164,2022,Female,32.501736,35.463026,171,27.28,7,-4.093567251,0,161.8246622
219,50561,6.4,202,93,77.4,180.3015542,1,83.47,91.71,4.54,0,0,0,0,0,0,0,0,3.75,0,LTE,21/06/2022,12:17:00,9,163,2022,Female,32.546349,35.432439,177,13.01,6,-7.90960452,0,165.1021347
220,50561,6.4,202,93,77.4,180.3015542,2,58.53,91.71,4.54,0,0,0,0,0,0,0,0,3.75,0,LTE,28/06/2022,8:08:00,1,173,2022,Female,32.546349,35.432439,177,13.01,6,-2.259887006,0,175.2311
221,50561,6.4,202,93,77.4,180.3015542,3,109.9,91.71,4.54,0,0,0,0,0,0,0,0,3.75,0,LTE,05/07/2022,9:12:00,6,164,2022,Female,32.546349,35.432439,177,13.01,7,-7.344632768,0,166.1150312
222,50562,12.5,212,96,78.1,177.8637313,1,308.7,0,90.55,0,0,0,0,4.43,0,0,0.02,5,0,LTE,21/06/2022,7:58:00,1,169,2022,Male,32.496584,35.476612,183,75.04,6,-7.650273224,1,165.6968154
223,50562,12.5,212,96,78.1,177.8637313,2,91.39,0,90.55,0,0,0,0,4.43,0,0,0.02,5,0,LTE,28/06/2022,8:34:00,2,171,2022,Male,32.496584,35.476612,183,75.04,6,-6.557377049,0,167.6577244
224,50562,12.5,212,96,78.1,177.8637313,3,106.22,0,90.55,0,0,0,0,4.43,0,0,0.02,5,0,LTE,05/07/2022,11:38:00,11,170,2022,Male,32.496584,35.476612,183,75.04,7,-7.103825137,0,166.6772699
225,50563,7.6,208,94,72,198.0178899,1,89.13,0,90.55,0,0,0,0,4.43,0,0,0.02,5,0,LTE,21/06/2022,9:02:00,3,168,2022,Female,32.496584,35.476612,200,75.04,6,-16,0,166.8438056
226,50563,7.6,208,94,72,198.0178899,2,244.41,0,90.55,0,0,0,0,4.43,0,0,0.02,5,0,LTE,28/06/2022,10:13:00,5,169,2022,Female,32.496584,35.476612,200,75.04,6,-15.5,1,167.8369235
227,50563,7.6,208,94,72,198.0178899,3,338.22,0,90.55,0,0,0,0,4.43,0,0,0.02,5,0,LTE,05/07/2022,9:38:00,7,166,2022,Female,32.496584,35.476612,200,75.04,7,-17,1,164.8575698
228,50564,10.5,198,89,74,202.535367,1,105.9,7.03,51.68,0,0,0,0,39.35,0,0,0,1.94,0,LTE,05/07/2022,7:42:00,3,179,2022,Male,32.475804,35.479851,195,50.35,7,-8.205128205,0,183.7681102
229,50564,10.5,198,89,74,202.535367,2,0.35,7.03,51.68,0,0,0,0,39.35,0,0,0,1.94,0,LTE,12/07/2022,7:10:00,1,193,2022,Male,32.475804,35.479851,195,50.35,7,-1.025641026,0,198.141035
230,50564,10.5,198,89,74,202.535367,3,76.37,7.03,51.68,0,0,0,0,39.35,0,0,0,1.94,0,LTE,19/07/2022,8:32,4,180,2022,Male,32.475804,35.479851,195,50.35,7,-7.692307692,0,184.7947477
231,50565,7.7,199,94,75.7,174.67352,1,10.44,89.94,0,0,0,0,0.06,0,0,0,8.46,1.01,0.53,LTE,05/07/2022,12:06:00,12,160,2022,Male,32.494868,35.468137,169,10.87,7,-5.325443787,0,163.7054293
232,50565,7.7,199,94,75.7,174.67352,2,75.88,89.94,0,0,0,0,0.06,0,0,0,8.46,1.01,0.53,LTE,12/07/2022,8:51:00,5,169,2022,Male,32.494868,35.468137,169,10.87,7,0,0,172.9138597
233,50565,7.7,199,94,75.7,174.67352,3,481.73,89.94,0,0,0,0,0.06,0,0,0,8.46,1.01,0.53,LTE,19/07/2022,7:35,2,166,2022,Male,32.494868,35.468137,169,10.87,7,-1.775147929,1,169.8443829
234,50566,7.4,200,94,76,176.9104871,1,600,89.94,0,0,0,0,0.06,0,0,0,8.46,1.01,0.53,LTE,05/07/2022,8:09:00,4,161,2022,Female,32.494868,35.468137,172,10.87,7,-6.395348837,1,164.1732316
235,50566,7.4,200,94,76,176.9104871,2,600,89.94,0,0,0,0,0.06,0,0,0,8.46,1.01,0.53,LTE,12/07/2022,9:40:00,7,168,2022,Female,32.494868,35.468137,172,10.87,7,-2.325581395,1,171.3111982
236,50566,7.4,200,94,76,176.9104871,3,25.32,89.94,0,0,0,0,0.06,0,0,0,8.46,1.01,0.53,LTE,19/07/2022,9:32,6,166,2022,Female,32.494868,35.468137,172,10.87,7,-3.488372093,0,169.2717791
237,50572,7.5,204,92,75.8,173.5390009,1,286.76,72.74,1.96,0,0,0,21.92,0,0,0,3.38,0,0,LTE,05/07/2022,10:38:00,9,164,2022,Female,32.544543,35.396629,172,6.12,7,-4.651162791,1,165.016066
238,50572,7.5,204,92,75.8,173.5390009,2,103.03,72.74,1.96,0,0,0,21.92,0,0,0,3.38,0,0,LTE,12/07/2022,7:34:00,2,162,2022,Female,32.544543,35.396629,172,6.12,7,-5.813953488,0,163.003675
239,50572,7.5,204,92,75.8,173.5390009,3,43.65,72.74,1.96,0,0,0,21.92,0,0,0,3.38,0,0,LTE,19/07/2022,7:09,1,162,2022,Female,32.544543,35.396629,172,6.12,7,-5.813953488,0,163.003675
240,50573,12,205,110,76.9,180.7497196,1,323.69,72.74,1.96,0,0,0,21.92,0,0,0,3.38,0,0,LTE,05/07/2022,11:07:00,10,163,2022,Male,32.544543,35.396629,180,6.12,7,-9.444444444,1,163.4704339
241,50573,12,205,110,76.9,180.7497196,2,146.46,72.74,1.96,0,0,0,21.92,0,0,0,3.38,0,0,LTE,12/07/2022,8:01:00,3,161,2022,Male,32.544543,35.396629,180,6.12,7,-10.55555556,0,161.4646617
242,50573,12,205,110,76.9,180.7497196,3,310.33,72.74,1.96,0,0,0,21.92,0,0,0,3.38,0,0,LTE,19/07/2022,9:01,5,159,2022,Male,32.544543,35.396629,180,6.12,7,-11.66666667,1,159.4588895
243,50574,10.2,199,93,78.7,190.1770868,1,600,100,0,0,0,0,0,0,0,0,0,0,0,LTE,05/07/2022,7:07:00,2,176,2022,Male,32.534612,35.468487,184,0,7,-4.347826087,1,180.0759722
244,50574,10.2,199,93,78.7,190.1770868,2,3.57,100,0,0,0,0,0,0,0,0,0,0,0,LTE,12/07/2022,9:16:00,6,171,2022,Male,32.534612,35.468487,184,0,7,-7.065217391,0,174.9601775
245,50574,10.2,199,93,78.7,190.1770868,3,2.2,100,0,0,0,0,0,0,0,0,0,0,0,LTE,19/07/2022,8:07,3,173,2022,Male,32.534612,35.468487,184,0,7,-5.97826087,0,177.0064954
246,50575,8,205,95,81.4,181.7538848,1,2.4,100,0,0,0,0,0,0,0,0,0,0,0,LTE,05/07/2022,6:43:00,1,166,2022,Female,32.534612,35.468487,181,0,7,-8.287292818,0,166.4790922
247,50575,8,205,95,81.4,181.7538848,2,2.07,100,0,0,0,0,0,0,0,0,0,0,0,LTE,12/07/2022,8:27:00,4,174,2022,Female,32.534612,35.468487,181,0,7,-3.867403315,0,174.502181
248,50575,8,205,95,81.4,181.7538848,3,6.07,100,0,0,0,0,0,0,0,0,0,0,0,LTE,19/07/2022,10:07,7,173,2022,Female,32.534612,35.468487,181,0,7,-4.419889503,0,173.4992949
