,Lapwing_ID,Test_Number,TimeStandingSec,Fields.1,Urban,Bare_Ground,Clouds,Fields.2,Natural,Fields.3,Snow,mataim,WaterPonds,dirt.road,Main.roads,Experiment,Date,Time,Trial_order,Weight,Year,Sex,Nest_X,Nest_Y,Initial_weight,Head.bob,peck,Pose.fly,prening,Puff,Scream,scrining,Shake.wings,Shaking.head,Tail.wingle,Fly_Sequences,Mean_Time_Fly_sec,Total_Time_Fly_sec,SD_Time_Fly_sec,NumStopsLocations,TotalTimeStoped,WalkingMeters,PercentageInCameraView,area_explored,TimeInCenter,TimeInPeri,TotalLocationsVisited,NumberOfHighExploration,NumberOfMedianExploration,NumberOfLowExploration,HeadBobBi1,PoseflyBi0,PreningBi0,PffSqrt,ScreamBi0,scriningBi0,ShakeWingBi0,ShakeHeadBi1,TailWingeSqRt,Fly_SequencesSqrT,Total_Time_Fly_secSqrT,Mean_Time_Fly_secSqrT,NumStopsLocationsSame,TotalTimeStopedSqrT,WalkingMetersLog,ShowCameraBi50,area_exploredSame,TimeInCenterBi10,TimeInPeri90,TotalLocationsVisitedSame,NumberOfHighExplorationBi1,TimeToEmergeBinomial,PercentageInCameraViewBi98,PC1_Stress,PC2_Mobility,Initial SMI,Box_time.y,Urban250,Months,Experiment SMI
1,22720,1,271.93,0,0,0,0,0,0,0,0,0,100,0,0,OFT,03/05/2022,8:52:00,1,180,2022,Male,32.525621,35.443768,189,1,0,4,0,3,0,1,1,2,8,2,4.47,8.94,4.23,358,8,12.09,89,19.87,80.4,19.6,31,1,4,26,0,1,0,1.732050808,0,1,1,1,2.828427125,1.414213562,2.989983278,2.114237451,358,2.828427125,2.492378665,1,19.87,1,0,31,0,0,0,0.642376674,-1.668309304,189.7872056,168.29,0,5,180.5194976
2,22720,2,318.6,0,0,0,0,0,0,0,0,0,100,0,0,OFT,10/05/2022,10:39:00,5,189,2022,Male,32.525621,35.443768,189,2,0,0,0,2,0,0,0,1,5,1,3.75,3.75,NA,399,12,16.15,100,21.15,51.2,48.8,33,2,5,26,1,0,0,1.414213562,0,0,0,0,2.236067977,1,1.936491673,1.936491673,399,3.464101615,2.78192005,1,21.15,1,0,33,1,0,1,0.530561508,-1.712080434,189.7872056,0.86,0,5,189.5454724
3,22720,3,261.5,0,0,0,0,0,0,0,0,0,100,0,0,OFT,17/05/2022,8:44:00,1,183,2022,Male,32.525621,35.443768,189,0,0,0,0,2,0,3,2,0,4,1,5.65,5.65,NA,356,14,18.31,91,25,68.9,31.1,39,2,3,34,0,0,0,1.414213562,0,1,1,0,2,1,2.376972865,2.376972865,356,3.741657387,2.907447359,1,25,1,0,39,1,0,0,0.344249766,-1.175290946,189.7872056,41.4,0,5,183.5281558
4,22726,1,16.07,22.37,0,0,0,0,16.88,0,0,0,60.44,0.31,0,OFT,10/05/2022,8:56:00,2,166,2022,Male,32.527179,35.445369,177,0,0,0,0,0,13,1,0,0,1,3,4.19,12.56,0.39,12,5,8.4,10,17.31,0,100,27,0,0,27,0,0,0,0,1,1,0,0,1,1.732050808,3.544009029,2.046948949,12,2.236067977,2.128231706,0,17.31,0,1,27,0,1,0,-3.168465776,-0.666112416,176.898812,600,0,5,165.9341943
5,22726,2,224.97,22.37,0,0,0,0,16.88,0,0,0,60.44,0.31,0,OFT,17/05/2022,10:59:00,5,170,2022,Male,32.527179,35.445369,177,9,0,0,0,3,4,1,0,2,6,5,4.9,24.51,0.43,268,45,64.95,97,36.54,6.5,93.5,57,1,4,52,1,0,0,1.732050808,1,1,0,1,2.449489743,2.236067977,4.950757518,2.213594362,268,6.708203932,4.173617743,1,36.54,0,1,57,0,1,0,-0.158586356,0.792234523,176.898812,600,0,5,169.9326087
6,22726,3,150.03,22.37,0,0,0,0,16.88,0,0,0,60.44,0.31,0,OFT,24/05/2022,12:41:00,8,168,2022,Male,32.527179,35.445369,177,0,0,0,0,3,0,0,0,1,7,1,2.75,2.75,NA,131,67,131.47,97,30.77,0.7,99.3,48,1,4,43,0,0,0,1.732050808,0,0,0,0,2.645751311,1,1.658312395,1.658312395,131,8.185352772,4.878778689,1,30.77,0,1,48,0,1,0,-1.280158436,0.758493364,176.898812,600,0,5,167.9334015
7,22727,1,197.97,16.43,0,0,0,0,0,0,0,0,83.44,0.13,0,OFT,10/05/2022,8:26:00,1,181,2022,Male,32.524517,35.444488,188,5,0,1,0,4,0,4,0,3,11,5,6.18,30.91,0.84,285,33,25.52,85,52.56,27.5,72.5,82,0,3,79,1,1,0,2,0,1,0,1,3.31662479,2.236067977,5.55967625,2.485960579,285,5.744562647,3.239462458,1,52.56,1,0,82,0,1,0,1.512249081,0.879891602,188.7830405,258.29,0,5,181.5223837
8,22727,2,245.6,16.43,0,0,0,0,0,0,0,0,83.44,0.13,0,OFT,17/05/2022,10:00:00,3,182,2022,Male,32.524517,35.444488,188,3,0,1,0,2,0,0,2,3,13,5,4.14,20.68,0.55,316,30,29.72,93,43.59,80.5,19.5,68,0,6,62,1,1,0,1.414213562,0,0,1,1,3.605551275,2.236067977,4.5475268,2.034698995,316,5.477225575,3.39182022,1,43.59,1,0,68,0,0,0,0.97953138,0.377219117,188.7830405,0.97,0,5,182.5252698
9,22727,3,158.17,16.43,0,0,0,0,0,0,0,0,83.44,0.13,0,OFT,24/05/2022,9:41:00,3,185,2022,Male,32.524517,35.444488,188,2,0,0,0,2,0,0,1,1,6,1,2.5,2.5,NA,175,58,122.45,96,48.72,5.5,94.5,76,0,5,71,1,0,0,1.414213562,0,0,1,0,2.449489743,1,1.58113883,1.58113883,175,7.615773106,4.807702783,1,48.72,0,1,76,0,0,0,-1.044752571,1.433257354,188.7830405,112.96,0,5,185.533928
10,22728,1,295.77,22.37,0,0,0,0,16.88,0,0,0,60.44,0.31,0,OFT,10/05/2022,10:02:00,4,165,2022,Female,32.527179,35.445369,175,14,0,0,1,3,0,0,0,2,5,2,6.74,13.49,1.21,390,11,15.91,97,18.59,7.5,92.5,29,1,2,26,1,0,1,1.732050808,0,0,0,1,2.236067977,1.414213562,3.672873534,2.596150997,390,3.31662479,2.766947842,1,18.59,0,1,29,0,1,0,0.370807456,-2.364895468,177.4109222,598.36,0,5,166.5728156
11,22728,2,297.9,22.37,0,0,0,0,16.88,0,0,0,60.44,0.31,0,OFT,17/05/2022,9:23:00,2,179,2022,Female,32.527179,35.445369,175,9,0,0,0,3,0,1,0,2,8,2,4.86,9.73,1.61,383,16,21.09,99,18.59,0.1,99.9,29,2,1,26,1,0,0,1.732050808,0,1,0,1,2.828427125,1.414213562,3.119294792,2.204540769,383,4,3.048798994,1,18.59,0,1,29,1,1,1,-0.343618425,-1.355511085,177.4109222,600,0,5,180.7062666
12,22728,3,256,22.37,0,0,0,0,16.88,0,0,0,60.44,0.31,0,OFT,24/05/2022,8:25:00,1,174,2022,Female,32.527179,35.445369,175,8,0,0,0,3,0,0,0,2,13,1,7.86,7.86,NA,298,50,53.07,100,37.18,3.6,96.4,58,1,3,54,1,0,0,1.732050808,0,0,0,1,3.605551275,1,2.803569154,2.803569154,298,7.071067812,3.971611797,1,37.18,0,1,58,0,1,1,-0.264783695,0.163105684,177.4109222,369.81,0,5,175.6586056
13,22729,1,119.67,16.43,0,0,0,0,0,0,0,0,83.44,0.13,0,OFT,10/05/2022,9:33:00,3,188,2022,Female,32.524517,35.444488,189,0,0,0,1,2,0,2,0,2,4,3,7.22,21.67,4.01,201,21,15.91,56,23.08,18.6,81.4,36,0,3,33,0,0,1,1.414213562,0,1,0,1,2,1.732050808,4.655104725,2.687005769,201,4.582575695,2.766947842,1,23.08,1,0,36,0,0,0,0.441114613,-1.327805814,187.1269059,206.01,0,5,186.7061634
14,22729,2,272.73,16.43,0,0,0,0,0,0,0,0,83.44,0.13,0,OFT,17/05/2022,10:24:00,4,177,2022,Female,32.524517,35.444488,189,3,0,3,1,4,0,1,0,4,7,4,8.92,35.67,2.75,376,9,18.37,96,46.15,69.1,30.9,72,2,4,66,1,1,1,2,0,1,0,1,2.645751311,2,5.972436689,2.986636905,376,3,2.910718899,1,46.15,1,0,72,1,1,0,2.505697842,-0.728675533,187.1269059,557.57,0,5,175.7818666
15,22729,3,282.07,16.43,0,0,0,0,0,0,0,0,83.44,0.13,0,OFT,24/05/2022,11:29:00,6,180,2022,Female,32.524517,35.444488,189,2,0,0,0,4,0,0,0,2,7,7,5.88,41.14,1.96,377,13,18.56,97,33.97,30.4,69.6,53,1,6,46,1,0,0,2,0,0,0,1,2.645751311,2.645751311,6.414047084,2.424871131,377,3.605551275,2.921008727,1,33.97,1,0,53,0,1,0,1.711796512,-0.250366856,187.1269059,600,0,5,178.7612203
16,22737,1,215.37,18.79,0,0,0,0,13.14,0,0,0,67.14,0.92,0,OFT,24/05/2022,10:16:00,4,173,2022,Male,32.536023,35.415447,194,2,0,0,0,8,0,0,0,4,28,1,7.84,7.84,NA,285,69,42.38,100,40.38,78.6,21.4,63,0,5,58,1,0,0,2.828427125,0,0,0,1,5.291502622,1,2.8,2.8,285,8.306623863,3.746676553,1,40.38,1,0,63,0,0,1,1.486091308,0.056327679,194.8080312,0,0,5,173.4992949
17,22737,2,210.07,18.79,0,0,0,0,13.14,0,0,0,67.14,0.92,0,OFT,31/05/2022,9:35:00,4,173,2022,Male,32.536023,35.415447,194,1,0,1,0,4,0,2,0,3,13,3,6.3,18.89,2.5,249,75,49.39,99,37.82,31.3,68.7,59,0,4,55,0,1,0,2,0,1,0,1,3.605551275,1.732050808,4.346262762,2.50998008,249,8.660254038,3.899747975,1,37.82,1,0,59,0,0,1,0.997490558,0.513519578,194.8080312,135.24,0,5,173.4992949
18,22737,3,258.67,18.79,0,0,0,0,13.14,0,0,0,67.14,0.92,0,OFT,07/06/2022,12:39:00,10,178,2022,Male,32.536023,35.415447,194,0,0,0,0,2,0,1,0,0,10,0,0,0,NA,317,48,39.26,100,26.92,25.4,74.6,42,0,6,36,0,0,0,1.414213562,0,1,0,0,3.16227766,0,0,0,317,6.92820323,3.670206189,1,26.92,1,0,42,0,1,1,-0.040548375,-0.958922611,194.8080312,540.71,0,6,178.5137254
19,22738,1,137.53,30.94,0,0,0,0,9.84,0,0,0,59.01,0.22,0,OFT,24/05/2022,10:52:00,5,168,2022,Male,32.536876,35.415569,180,2,0,0,0,2,1,0,0,0,5,6,5.38,32.27,0.83,146,60,83.89,88,62.82,23.5,76.5,98,0,1,97,1,0,0,1.414213562,1,0,0,0,2.236067977,2.449489743,5.680668975,2.319482701,146,7.745966692,4.429506417,1,62.82,1,0,98,0,1,0,0.892971216,2.513987775,180.7497196,515.44,0,5,168.4848644
20,22738,2,222.2,30.94,0,0,0,0,9.84,0,0,0,59.01,0.22,0,OFT,31/05/2022,9:05:00,3,170,2022,Male,32.536876,35.415569,180,7,0,0,0,1,1,0,1,2,11,7,4.57,32.02,1.43,272,42,51.55,94,49.36,20.8,79.2,77,0,6,71,1,0,0,1,1,0,1,1,3.31662479,2.645751311,5.65862174,2.137755833,272,6.480740698,3.94255221,1,49.36,1,0,77,0,0,0,0.794791556,1.374675415,180.7497196,193.12,0,5,170.4906366
21,22738,3,212.83,30.94,0,0,0,0,9.84,0,0,0,59.01,0.22,0,OFT,07/06/2022,11:02:00,8,167,2022,Male,32.536876,35.415569,180,2,0,1,0,1,24,0,0,1,7,4,6.55,26.21,2.86,254,59,83.8,100,35.26,4.2,95.8,55,2,3,50,1,1,0,1,1,0,0,0,2.645751311,2,5.119570294,2.559296778,254,7.681145748,4.428433007,1,35.26,0,1,55,1,0,1,-0.797942627,1.132813388,180.7497196,202.22,0,6,167.4819783
22,22739,1,337.77,30.94,0,0,0,0,9.84,0,0,0,59.01,0.22,0,OFT,24/05/2022,9:15:00,2,176,2022,Female,32.536876,35.415569,189,2,0,1,0,3,0,2,0,1,5,3,4.97,14.92,2.1,384,18,13.41,100,37.18,68.6,31.4,58,3,2,53,1,1,0,1.732050808,0,1,0,0,2.236067977,1.732050808,3.862641583,2.229349681,384,4.242640687,2.596000697,1,37.18,1,0,58,1,0,1,1.562453778,-0.985432737,185.3950081,98.8,0,5,173.6654912
23,22739,2,243.77,30.94,0,0,0,0,9.84,0,0,0,59.01,0.22,0,OFT,31/05/2022,8:40:00,2,176,2022,Female,32.536876,35.415569,189,7,0,3,0,3,0,4,0,2,7,6,4.08,24.48,1.34,333,43,28.86,98,50.64,44.3,55.7,79,1,2,76,1,1,0,1.732050808,0,1,0,1,2.645751311,2.449489743,4.947726751,2.019900988,333,6.557438524,3.362456553,1,50.64,1,0,79,0,0,0,1.434734567,0.660649868,185.3950081,2.95,0,5,173.6654912
24,22739,3,225.8,30.94,0,0,0,0,9.84,0,0,0,59.01,0.22,0,OFT,07/06/2022,8:34:00,3,177,2022,Female,32.536876,35.415569,189,2,0,0,0,1,0,0,0,1,3,13,4.88,63.44,1.6,280,50,33.23,91,65.38,39.1,60.9,102,0,3,99,1,0,0,1,0,0,0,0,1.732050808,3.605551275,7.964923101,2.209072203,280,7.071067812,3.503453082,1,65.38,1,0,102,0,0,0,1.57662027,2.09650491,185.3950081,95.37,0,6,174.6522269
25,22740,1,206.43,0,97.72,0,0,0,0,0,0,0,0,2.28,0,OFT,24/05/2022,12:13:00,7,150,2022,Female,32.504349,35.459827,173,7,0,0,0,1,0,0,1,2,12,5,4.38,21.91,4.12,236,58,63.39,99,61.54,13.8,86.2,96,0,4,92,1,0,0,1,0,0,1,1,3.464101615,2.236067977,4.680811895,2.092844954,236,7.615773106,4.14930612,1,61.54,1,0,96,0,0,1,0.831995085,1.89267006,177.9390365,2.92,86.32,5,152.9564269
26,22740,2,217.4,0,97.72,0,0,0,0,0,0,0,0,2.28,0,OFT,31/05/2022,10:34:00,6,155,2022,Female,32.504349,35.459827,173,1,0,5,0,2,0,0,0,1,5,4,6.9,27.62,1.54,304,43,35.53,96,53.85,5.4,94.6,84,2,3,79,0,1,0,1.414213562,0,0,0,0,2.236067977,2,5.255473337,2.626785107,304,6.557438524,3.57037741,1,53.85,0,1,84,1,0,0,0.06897973,1.176490606,177.9390365,3.88,86.32,5,158.0549745
27,22740,3,196.83,0,97.72,0,0,0,0,0,0,0,0,2.28,0,OFT,07/06/2022,14:48:00,13,156,2022,Female,32.504349,35.459827,173,1,0,0,0,2,0,0,0,4,10,4,3.89,15.55,1.76,284,49,45.19,98,39.1,0.4,99.6,61,1,3,57,0,0,0,1.414213562,0,0,0,1,3.16227766,2,3.943348831,1.972308292,284,7,3.810875823,1,39.1,0,1,61,0,0,0,-0.618086243,0.602535897,177.9390365,1.1,86.32,6,159.074684
28,22745,1,234.07,83.67,0,0,0,0,0,0,0,0,13.92,2.41,0,OFT,31/05/2022,10:02:00,5,169,2022,Male,32.516343,35.482869,186,19,0,0,1,5,0,0,0,1,10,1,3.02,3.02,NA,274,54,70.83,100,62.82,14.7,85.3,98,0,1,97,1,0,1,2.236067977,0,0,0,0,3.16227766,1,1.73781472,1.73781472,274,7.348469228,4.26028264,1,62.82,1,0,98,0,1,1,2.116117851,0.260712189,182.4522302,470.62,0,5,166.7583409
29,22745,2,75.57,83.67,0,0,0,0,0,0,0,0,13.92,2.41,0,OFT,07/06/2022,10:36:00,7,177,2022,Male,32.516343,35.482869,186,0,0,0,0,2,2,0,0,2,4,1,3.16,3.16,NA,98,3,5.17,24,7.05,0,100,11,1,1,9,0,0,0,1.414213562,1,0,0,1,2,1,1.777638883,1.777638883,98,1.732050808,1.642872689,0,7.05,0,1,11,0,0,0,-2.241575884,-2.22189885,182.4522302,2.5,0,6,174.6522269
30,22745,3,194.3,83.67,0,0,0,0,0,0,0,0,13.92,2.41,0,OFT,13/06/2022,12:00:00,9,176,2022,Male,32.516343,35.482869,186,3,0,0,0,3,0,0,0,1,14,1,7.32,7.32,NA,270,30,55.8,86,28.85,0.3,99.7,45,1,3,41,1,0,0,1.732050808,0,0,0,0,3.741657387,1,2.705549852,2.705549852,270,5.477225575,4.021773869,1,28.85,0,1,45,0,1,0,-0.843167529,0.077557926,182.4522302,496.69,0,6,173.6654912
31,22746,1,248.97,83.67,0,0,0,0,0,0,0,0,13.92,2.41,0,OFT,31/05/2022,8:13:00,1,179,2022,Female,32.516343,35.482869,186,6,0,0,0,5,2,0,1,1,16,10,4.28,42.78,1.63,341,18,26.73,91,43.59,65.7,34.3,68,1,3,64,1,0,0,2.236067977,1,0,1,0,4,3.16227766,6.54064217,2.068816087,341,4.242640687,3.28578653,1,43.59,1,0,68,0,0,0,1.912896977,0.505920061,188.5624659,97.97,0,5,180.7062666
32,22746,2,224,83.67,0,0,0,0,0,0,0,0,13.92,2.41,0,OFT,07/06/2022,14:12:00,12,175,2022,Female,32.516343,35.482869,186,0,0,1,0,2,0,0,0,0,4,11,4.26,46.91,0.68,296,57,43.96,100,45.51,8.7,91.3,71,0,5,66,0,1,0,1.414213562,0,0,0,0,2,3.31662479,6.84908753,2.063976744,296,7.549834435,3.78328013,1,45.51,0,1,71,0,1,1,0.127923485,1.267111951,188.5624659,342.78,0,6,176.6681378
33,22746,3,144.37,83.67,0,0,0,0,0,0,0,0,13.92,2.41,0,OFT,13/06/2022,10:06:00,5,170,2022,Female,32.516343,35.482869,186,0,5,0,0,1,0,0,0,0,5,23,5.43,124.97,1.22,208,29,35.99,67,51.28,4.2,95.8,80,0,4,76,0,0,0,1,0,0,0,0,2.236067977,4.795831523,11.17899817,2.33023604,208,5.385164807,3.583241122,1,51.28,0,1,80,0,0,0,0.15278359,2.504673675,188.5624659,82.74,0,6,171.6204767
34,22747,1,283.5,96.56,0,0,0,0,1.41,0,0,0,0,2.04,0,OFT,31/05/2022,11:00:00,7,167,2022,Female,32.53295,35.451315,185,3,0,2,8,8,0,0,0,3,9,2,6.42,12.83,1.59,367,25,20.88,99,36.54,82.1,17.9,57,1,3,53,1,1,1,2.828427125,0,0,0,1,3,1.414213562,3.581898938,2.533771892,367,5,3.038791763,1,36.54,1,0,57,0,1,1,2.587390594,-1.637705927,185.7705452,285.7,0,5,167.4819783
35,22747,2,295.77,96.56,0,0,0,0,1.41,0,0,0,0,2.04,0,OFT,07/06/2022,7:39:00,1,174,2022,Female,32.53295,35.451315,185,2,0,0,0,5,0,0,0,3,10,2,6.73,13.45,0.19,375,22,22.12,99,39.1,46.8,53.2,61,2,3,56,1,0,0,2.236067977,0,0,0,1,3.16227766,1.414213562,3.667424164,2.594224354,375,4.69041576,3.096482177,1,39.1,1,0,61,1,0,1,1.667343064,-0.508786549,185.7705452,26.61,0,6,174.502181
36,22747,3,242.3,96.56,0,0,0,0,1.41,0,0,0,0,2.04,0,OFT,13/06/2022,8:37:00,2,170,2022,Female,32.53295,35.451315,185,0,0,7,0,4,0,3,0,3,10,8,3.04,24.33,0.86,332,41,32.42,98,67.31,31.7,68.3,105,1,3,101,0,1,0,2,0,1,0,1,3.16227766,2.828427125,4.932544982,1.743559577,332,6.403124237,3.478775516,1,67.31,1,0,105,0,0,0,2.011700256,1.36675278,185.7705452,8.56,0,6,170.4906366
37,22748,1,270.87,31.2,0,0,0,1.56,0,0,0,0,66.73,0.51,0,OFT,07/06/2022,10:03:00,6,168,2022,Male,32.528303,35.413532,174,0,0,0,0,5,1,0,0,5,11,3,6.47,19.42,1.21,367,21,18.38,95,31.41,33.9,66.1,49,1,5,43,0,0,0,2.236067977,1,0,0,1,3.31662479,1.732050808,4.406812907,2.543619468,367,4.582575695,2.911263117,1,31.41,1,0,49,0,1,0,1.46261067,-0.725449796,174.724729,442.23,0,6,168.4848644
38,22748,2,290.27,31.2,0,0,0,1.56,0,0,0,0,66.73,0.51,0,OFT,13/06/2022,10:40:00,6,161,2022,Male,32.528303,35.413532,174,0,0,0,0,3,0,1,0,3,10,3,5.45,16.36,2.47,353,13,12.19,89,25.64,17.9,82.1,40,2,2,36,0,0,0,1.732050808,0,1,0,1,3.16227766,1.732050808,4.044749683,2.334523506,353,3.605551275,2.500615943,1,25.64,1,0,40,1,0,0,1.043587754,-1.307585396,174.724729,169.09,0,6,161.4646617
39,22748,3,300.23,31.2,0,0,0,1.56,0,0,0,0,66.73,0.51,0,OFT,21/06/2022,10:03:00,5,162,2022,Male,32.528303,35.413532,174,0,0,0,0,3,0,0,0,1,12,2,3.43,6.86,1.48,397,13,15.21,99,22.44,0.5,99.5,35,1,2,32,0,0,0,1.732050808,0,0,0,0,3.464101615,1.414213562,2.619160171,1.852025918,397,3.605551275,2.721953106,1,22.44,0,1,35,0,0,1,-0.286130036,-1.542813749,174.724729,38.2,0,6,162.4675478
40,22749,1,270.6,31.2,0,0,0,1.56,0,0,0,0,66.73,0.51,0,OFT,07/06/2022,13:38:00,11,172,2022,Female,32.528303,35.413532,186,2,0,0,0,5,54,1,0,2,10,0,0,0,NA,361,26,28.32,100,37.18,72.4,27.6,58,2,2,54,1,0,0,2.236067977,1,1,0,1,3.16227766,0,0,0,361,5.099019514,3.343568269,1,37.18,1,0,58,1,1,1,0.909649453,-0.978657069,189.4694298,497.21,0,6,174.2182035
41,22749,2,305.1,31.2,0,0,0,1.56,0,0,0,0,66.73,0.51,0,OFT,13/06/2022,11:08:00,7,162,2022,Female,32.528303,35.413532,186,0,0,2,0,5,5,2,0,1,8,2,3.97,7.94,0.18,372,27,19.17,99,33.33,78.7,21.3,52,3,2,47,0,1,0,2.236067977,1,1,0,0,2.828427125,1.414213562,2.817800561,1.992485885,372,5.196152423,2.953346557,1,33.33,1,0,52,1,0,1,1.469138086,-1.033601151,189.4694298,60.48,0,6,164.0892381
42,22749,3,206.47,31.2,0,0,0,1.56,0,0,0,0,66.73,0.51,0,OFT,21/06/2022,13:16:00,11,171,2022,Female,32.528303,35.413532,186,0,0,0,0,3,0,0,0,3,11,0,0,0,NA,243,48,86.75,100,30.13,0.4,99.6,47,2,3,42,0,0,0,1.732050808,0,0,0,1,3.31662479,0,0,0,243,6.92820323,4.463030419,1,30.13,0,1,47,1,0,1,-1.178700985,-0.083869821,189.4694298,0.3,0,6,173.2053069
43,22750,1,96.4,7.39,0,0,0,0,3.22,0,0,0,89.13,0.26,0,OFT,07/06/2022,9:36:00,5,168,2022,Female,32.538802,35.410296,179,1,0,0,0,4,0,0,0,1,6,4,8.21,32.84,2.3,118,27,15.65,42,15.38,0,100,24,0,2,22,0,0,0,2,0,0,0,0,2.449489743,2,5.730619513,2.865309756,118,5.196152423,2.750470917,0,15.38,0,1,24,0,0,0,-0.98778032,-0.531884447,184.1103325,140.71,0,6,171.3111982
44,22750,2,248.23,7.39,0,0,0,0,3.22,0,0,0,89.13,0.26,0,OFT,13/06/2022,9:35:00,4,180,2022,Female,32.538802,35.410296,179,1,0,0,0,4,0,0,0,2,14,3,7.54,22.62,1.63,293,62,54.74,100,39.1,3.6,96.4,61,0,6,55,0,0,0,2,0,0,0,1,3.741657387,1.732050808,4.75604878,2.745906044,293,7.874007874,4.002594704,1,39.1,0,1,61,0,1,1,0.221893364,0.600034266,184.1103325,415.01,0,6,183.5477123
45,22750,3,150.6,7.39,0,0,0,0,3.22,0,0,0,89.13,0.26,0,OFT,21/06/2022,11:11:00,7,174,2022,Female,32.538802,35.410296,179,0,0,0,0,3,0,0,0,2,10,0,0,0,NA,142,71,96.96,100,34.62,1,99,54,0,5,49,0,0,0,1.732050808,0,0,0,1,3.16227766,0,0,0,142,8.426149773,4.574298522,1,34.62,0,1,54,0,1,1,-1.406828686,0.38311355,184.1103325,229.07,0,6,177.4294552
46,32419,1,281.4,44.16,55.84,0,0,0,0,0,0,0,0,0,0,OFT,22/06/2020,13:17:00,5,160,2020,Female,32.451363,35.015859,181,9,1,6,0,3,0,1,1,2,7,6,5.32,31.89,1.23,374,30,17.4,100,32.69,45.4,54.6,51,1,4,46,1,1,0,1.732050808,0,1,1,1,2.645751311,2.449489743,5.647123161,2.306512519,374,5.477225575,2.856470206,1,32.69,1,0,51,0,0,1,1.369919485,-0.439373515,177.5476004,2.5,65.8,6,157.8777192
47,32419,2,157.63,44.16,55.84,0,0,0,0,0,0,0,0,0,0,OFT,29/06/2020,10:59:00,3,172,2020,Female,32.451363,35.015859,181,6,0,7,0,2,0,0,0,2,8,7,5.88,41.15,0.42,164,56,75.33,100,41.67,20.2,79.8,65,0,3,62,1,1,0,1.414213562,0,0,0,1,2.828427125,2.645751311,6.414826576,2.424871131,164,7.483314774,4.321878462,1,41.67,1,0,65,0,0,1,0.622495822,1.651138547,177.5476004,2.7,65.8,6,169.7185482
48,32419,3,97.07,44.16,55.84,0,0,0,0,0,0,0,0,0,0,OFT,06/07/2020,10:02:00,2,171,2020,Female,32.451363,35.015859,181,0,0,0,0,1,1,0,0,1,3,1,3.89,3.89,NA,63,40,163.57,100,28.21,0.3,99.7,44,1,9,34,0,0,0,1,1,0,0,0,1.732050808,1,1.972308292,1.972308292,63,6.32455532,5.097241033,1,28.21,0,1,44,0,0,1,-2.164244685,1.198138409,177.5476004,1.3,65.8,7,168.7318124
49,32420,1,356.43,16.66,83.34,0,0,0,0,0,0,0,0,0,0,OFT,22/06/2020,12:36:00,4,172,2020,Male,32.444244,34.973546,195,0,0,0,0,2,1,2,0,1,2,3,2.06,6.17,0.79,400,8,11.5,100,28.21,2.4,97.6,44,1,3,40,0,0,0,1.414213562,1,1,0,0,1.414213562,1.732050808,2.48394847,1.435270009,400,2.828427125,2.442347035,1,28.21,0,1,44,0,0,1,-0.05294719,-1.695131803,195.8121963,9.5,74.93,6,172.4964088
50,32420,2,306.7,16.66,83.34,0,0,0,0,0,0,0,0,0,0,OFT,29/06/2020,12:02:00,5,178,2020,Male,32.444244,34.973546,195,1,0,0,0,3,1,1,1,1,2,3,2.51,7.54,0.16,382,19,17.35,100,39.1,18.2,81.8,61,1,4,56,0,0,0,1.732050808,1,1,1,0,1.414213562,1.732050808,2.745906044,1.584297952,382,4.358898944,2.853592506,1,39.1,1,0,61,0,0,1,1.240221874,-0.807899834,195.8121963,22.3,74.93,6,178.5137254
51,32420,3,159.63,16.66,83.34,0,0,0,0,0,0,0,0,0,0,OFT,06/07/2020,11:12:00,4,182,2020,Male,32.444244,34.973546,195,0,0,3,0,0,0,2,0,0,3,7,2.54,17.81,0.62,217,54,84.48,100,60.26,30.2,69.8,94,0,2,92,0,1,0,0,0,1,0,0,1.732050808,2.645751311,4.220189569,1.593737745,217,7.348469228,4.43651482,1,60.26,1,0,94,0,0,1,-0.304640508,2.317093266,195.8121963,3.1,74.93,7,182.5252698
52,32421,1,361.93,49,51,0,0,0,0,0,0,0,0,0,0,OFT,22/06/2020,11:55:00,3,175,2020,Male,32.451819,35.015313,193,0,0,0,0,1,0,0,0,0,2,1,6.59,6.59,NA,414,3,6.95,100,7.05,0,100,11,1,0,10,0,0,0,1,0,0,0,0,1.414213562,1,2.567099531,2.567099531,414,1.732050808,1.93874166,1,7.05,0,1,11,0,1,1,-0.78103004,-2.842730982,193.8038661,244.24,55.29,6,175.5050671
53,32421,2,214.73,49,51,0,0,0,0,0,0,0,0,0,0,OFT,29/06/2020,11:32:00,4,182,2020,Male,32.451819,35.015313,193,1,0,1,0,2,0,0,0,3,6,3,4.8,14.41,1.24,265,64,58.32,100,48.08,14.2,85.8,75,0,5,70,0,1,0,1.414213562,0,0,0,1,2.449489743,1.732050808,3.796050579,2.19089023,265,8,4.065945088,1,48.08,1,0,75,0,0,1,0.740877921,1.030241173,193.8038661,1.5,55.29,6,182.5252698
54,32421,3,233.67,49,51,0,0,0,0,0,0,0,0,0,0,OFT,06/07/2020,11:41:00,5,179,2020,Male,32.451819,35.015313,193,0,0,3,0,2,0,0,0,1,4,3,4.17,12.52,0.34,281,60,55.78,100,46.79,13.6,86.4,73,0,6,67,0,1,0,1.414213562,0,0,0,0,2,1.732050808,3.538361203,2.042057786,281,7.745966692,4.021415382,1,46.79,1,0,73,0,0,1,0.786019775,0.82920473,193.8038661,2.2,55.29,7,179.5166115
55,32422,1,199.33,10.98,89.02,0,0,0,0,0,0,0,0,0,0,OFT,22/06/2020,13:49:00,6,159,2020,Female,32.444296,34.973194,171,6,0,0,0,0,0,0,2,0,5,3,3.19,9.58,0.51,240,63,60.98,100,34.62,3.5,96.5,54,2,2,50,1,0,0,0,0,0,1,0,2.236067977,1.732050808,3.095157508,1.78605711,240,7.937253933,4.110545942,1,34.62,0,1,54,1,0,1,-1.908595559,0.72876432,171.7122337,119.67,74.65,6,159.4588895
56,32422,2,139.33,10.98,89.02,0,0,0,0,0,0,0,0,0,0,OFT,29/06/2020,10:21:00,2,166,2020,Female,32.444296,34.973194,171,1,0,0,0,1,0,0,0,0,4,4,1.86,7.43,0.7,160,68,104.86,100,25,0,100,39,1,3,35,0,0,0,1,0,0,0,0,2,2,2.725802634,1.36381817,160,8.246211251,4.652626127,1,25,0,1,39,0,1,1,-1.846461816,0.723804427,171.7122337,266.5,74.65,6,166.4790922
57,32422,3,147.63,10.98,89.02,0,0,0,0,0,0,0,0,0,0,OFT,06/07/2020,10:33:00,3,162,2020,Female,32.444296,34.973194,171,0,0,1,0,1,3,0,1,0,8,6,1.86,11.14,0.39,159,67,105.17,100,39.1,3,97,61,0,6,55,0,1,0,1,1,0,1,0,2.828427125,2.449489743,3.337663854,1.36381817,159,8.185352772,4.655578089,1,39.1,0,1,61,0,0,1,-1.370168903,1.36901,171.7122337,140.61,74.65,7,162.4675478
58,32424,1,258,48.58,51.42,0,0,0,0,0,0,0,0,0,0,OFT,22/06/2020,9:15:00,1,182,2020,Male,32.444662,34.971278,196,0,0,0,0,3,0,2,0,0,0,2,3.08,6.16,0.79,306,46,40.58,100,30.13,10,90,47,2,2,43,0,0,0,1.732050808,0,1,0,0,0,1.414213562,2.481934729,1.754992877,306,6.782329983,3.703275334,1,30.13,0,0,47,1,0,1,0.633942063,-0.407445462,191.3760571,1.5,49.12,6,179.0120479
59,32424,2,290.27,48.58,51.42,0,0,0,0,0,0,0,0,0,0,OFT,29/06/2020,9:47:00,1,191,2020,Male,32.444662,34.971278,196,0,0,0,0,0,44,3,0,0,0,11,3.44,37.81,0.84,369,29,21.51,100,31.41,15.3,84.7,49,2,4,43,0,0,0,0,1,1,0,0,0,3.31662479,6.148983656,1.854723699,369,5.385164807,3.068517943,1,31.41,1,0,49,1,0,1,0.165208284,0.027997168,191.3760571,2.8,49.12,6,187.864292
60,32424,3,112,48.58,51.42,0,0,0,0,0,0,0,0,0,0,OFT,08/07/2020,11:05:00,3,174,2020,Male,32.444662,34.971278,196,0,0,0,0,1,0,0,0,1,2,1,12.33,12.33,NA,131,9,7.7,35,15.38,2.6,97.4,24,1,0,23,0,0,0,1,0,0,0,0,1.414213562,1,3.511409973,3.511409973,131,3,2.041220329,0,15.38,0,1,24,0,0,0,-1.91068444,-1.341814201,191.3760571,108.44,49.12,7,171.1433865
61,32431,1,288.4,46.8,53.2,0,0,0,0,0,0,0,0,0,0,OFT,02/07/2020,10:39:00,3,173,2020,Male,32.142379,34.819771,181,10,0,2,0,5,0,2,0,2,15,4,3.55,14.19,0.59,378,23,21.96,100,39.74,68.5,31.5,62,2,3,57,1,1,0,2.236067977,0,1,0,1,3.872983346,2,3.76696164,1.884144368,378,4.795831523,3.089222617,1,39.74,1,0,62,1,1,1,1.654933947,-0.443323577,181.7538848,246.67,47.53,7,173.4992949
62,32431,2,16.27,46.8,53.2,0,0,0,0,0,0,0,0,0,0,OFT,08/07/2020,11:40:00,4,174,2020,Male,32.142379,34.819771,181,0,0,0,0,1,0,0,0,2,6,2,4.45,8.91,1.12,23,6,14.09,11,25.64,1.6,98.4,40,0,0,40,0,0,0,1,0,0,0,1,2.449489743,1.414213562,2.984962311,2.109502311,23,2.449489743,2.645465326,0,25.64,0,1,40,0,1,0,-2.351494028,-0.230240071,181.7538848,448.93,47.53,7,174.502181
63,32431,3,103.8,46.8,53.2,0,0,0,0,0,0,0,0,0,0,OFT,16/07/2020,12:37:00,7,170,2020,Male,32.142379,34.819771,181,0,0,0,0,1,0,0,0,4,5,0,0,0,NA,115,60,109.43,100,23.72,0.7,99.3,37,2,3,32,0,0,0,1,0,0,0,1,2.236067977,0,0,0,115,7.745966692,4.695285075,1,23.72,0,1,37,1,1,1,-2.493159991,0.338455905,181.7538848,600,47.53,7,170.4906366
64,32432,1,302.9,46.8,53.2,0,0,0,0,0,0,0,0,0,0,OFT,02/07/2020,10:04:00,2,184,2020,Female,32.142379,34.819771,193,10,0,0,0,6,9,0,0,3,12,1,5.31,5.31,NA,376,18,26.23,100,37.18,10.8,89.2,58,1,1,56,1,0,0,2.449489743,1,0,0,1,3.464101615,1,2.304343724,2.304343724,376,4.242640687,3.266903794,1,37.18,1,0,58,0,0,1,1.60512371,-0.771682664,193.8038661,96.16,47.53,7,184.5310419
65,32432,2,6.33,46.8,53.2,0,0,0,0,0,0,0,0,0,0,OFT,08/07/2020,12:18:00,5,180,2020,Female,32.142379,34.819771,193,0,0,0,0,0,0,0,2,1,8,0,0,0,NA,10,3,3.89,4,13.46,0.8,99.2,21,0,0,21,0,0,0,0,0,0,1,0,2.828427125,0,0,0,10,1.732050808,1.358409158,0,13.46,0,1,21,0,0,0,-3.782463116,-1.997308168,193.8038661,85.53,47.53,7,180.5194976
66,32432,3,8.27,46.8,53.2,0,0,0,0,0,0,0,0,0,0,OFT,16/07/2020,10:44:00,4,178,2020,Female,32.142379,34.819771,193,0,0,0,0,0,0,0,1,0,7,0,0,0,NA,10,4,5.98,6,10.9,0.2,99.8,17,0,0,17,0,0,0,0,0,0,1,0,2.645751311,0,0,0,10,2,1.788420568,0,10.9,0,1,17,0,1,0,-3.866709718,-1.789369182,193.8038661,600,47.53,7,178.5137254
67,32433,1,228.3,75.85,24.15,0,0,0,0,0,0,0,0,0,0,OFT,02/07/2020,9:24:00,1,177,2020,Female,32.145961,34.826317,189,6,0,1,0,2,0,1,1,1,14,6,2.82,16.89,0.66,284,49,58.52,100,73.72,34.8,65.2,115,0,2,113,1,1,0,1.414213562,0,1,1,0,3.741657387,2.449489743,4.109744518,1.679285562,284,7,4.069368576,1,73.72,1,0,115,0,0,1,1.47953393,2.06209414,193.4560202,1.6,36.45,7,179.8831246
68,32433,2,204.1,75.85,24.15,0,0,0,0,0,0,0,0,0,0,OFT,06/07/2020,9:29:00,1,179,2020,Female,32.145961,34.826317,189,0,0,0,0,2,0,1,0,2,12,8,2.5,20.01,0.45,222,55,77.29,100,60.26,22.7,77.3,94,0,2,92,0,0,0,1.414213562,0,1,0,1,3.464101615,2.828427125,4.473253849,1.58113883,222,7.416198487,4.347564581,1,60.26,1,0,94,0,0,1,1.048043027,1.886106931,193.4560202,61.02,36.45,7,181.9157023
69,32434,1,228.43,78.68,21.32,0,0,0,0,0,0,0,0,0,0,OFT,02/07/2020,11:17:00,4,188,2020,Male,32.146048,34.826132,202,20,0,0,0,5,0,0,0,3,10,6,2.87,17.21,0.41,289,49,50.08,100,73.08,45.3,54.7,114,0,2,112,1,0,0,2.236067977,0,0,0,1,3.16227766,2.449489743,4.148493703,1.694107435,289,7,3.913621727,1,73.08,1,0,114,0,0,1,2.092253843,1.784405039,191.077911,10.1,33.91,7,180.8920244
70,32434,2,91.17,78.68,21.32,0,0,0,0,0,0,0,0,0,0,OFT,08/07/2020,12:47:00,6,193,2020,Male,32.146048,34.826132,202,0,0,0,0,1,0,1,0,1,6,2,4.87,9.74,0.66,120,30,18.88,41,23.72,1.2,98.8,37,0,1,36,0,0,0,1,0,1,0,0,2.449489743,1.414213562,3.120897307,2.206807649,120,5.477225575,2.938103161,0,23.72,0,1,37,0,0,0,-1.96278407,-0.342239252,191.077911,3.8,33.91,7,185.7029825
71,32434,3,193.2,78.68,21.32,0,0,0,0,0,0,0,0,0,0,OFT,16/07/2020,11:25:00,5,194,2020,Male,32.146048,34.826132,202,0,0,3,0,2,0,0,0,2,7,5,5.37,26.87,1.92,257,46,53.45,89,42.95,3.4,96.6,67,0,5,62,0,1,0,1.414213562,0,0,0,1,2.645751311,2.236067977,5.183628073,2.317326045,257,6.782329983,3.978746637,1,42.95,0,1,67,0,0,0,-0.376400173,1.119232208,191.077911,4.5,33.91,7,186.6651741
72,32435,1,214.93,89.34,10.66,0,0,0,0,0,0,0,0,0,0,OFT,08/07/2020,10:21:00,2,169,2020,Female,32.454353,34.939508,184,1,1,0,0,0,0,1,1,2,7,0,0,0,NA,277,73,47.01,100,23.08,1.7,98.3,36,1,5,30,0,0,0,0,0,1,1,1,2.645751311,0,0,0,277,8.544003745,3.850360345,1,23.08,0,1,36,0,1,1,-2.532382908,-0.54473004,185.6463731,600,7.9,7,170.0470437
73,32435,2,174.27,89.34,10.66,0,0,0,0,0,0,0,0,0,0,OFT,16/07/2020,11:54:00,6,172,2020,Female,32.454353,34.939508,184,0,0,0,1,3,0,0,0,1,5,0,0,0,NA,202,65,48.17,81,64.1,2.6,97.4,100,0,5,95,0,0,1,1.732050808,0,0,0,0,2.236067977,0,0,0,202,8.062257748,3.874736421,1,64.1,0,1,100,0,1,0,0.114360571,0.044946646,185.6463731,600,7.9,7,173.0656302
74,32435,3,121.17,89.34,10.66,0,0,0,0,0,0,0,0,0,0,OFT,22/07/2020,8:37:00,2,175,2020,Female,32.454353,34.939508,184,0,0,0,0,0,0,0,1,1,1,0,0,0,NA,149,42,23.94,55,43.59,4.3,95.7,68,0,1,67,0,0,0,0,0,0,1,0,1,0,0,0,149,6.480740698,3.1755507,1,43.59,0,1,68,0,0,0,-2.536132272,0.120807066,185.6463731,11.5,7.9,7,176.0842168
75,32436,1,234.33,89.34,10.66,0,0,0,0,0,0,0,0,0,0,OFT,08/07/2020,9:49:00,1,174,2020,Male,32.454353,34.939508,185,0,0,0,0,2,0,0,0,0,15,2,3.5,7.01,1.1,303,27,38.68,93,32.69,2.9,97.1,51,1,3,47,0,0,0,1.414213562,0,0,0,0,3.872983346,1.414213562,2.647640459,1.870828693,303,5.196152423,3.655322671,1,32.69,0,1,51,0,0,0,-0.732216372,-0.142069026,187.5486892,3.4,7.9,7,175.6586056
76,32436,2,294.03,89.34,10.66,0,0,0,0,0,0,0,0,0,0,OFT,16/07/2020,10:06:00,3,179,2020,Male,32.454353,34.939508,185,0,0,0,0,1,0,0,1,0,8,3,3.38,10.14,0.32,357,18,29.06,100,23.72,0.2,99.8,37,3,1,33,0,0,0,1,0,0,1,0,2.828427125,1.732050808,3.184336666,1.838477631,357,4.242640687,3.369362658,1,23.72,0,1,37,1,1,1,-0.80205926,-0.760287544,187.5486892,294.78,7.9,7,180.7062666
77,32436,3,179.03,89.34,10.66,0,0,0,0,0,0,0,0,0,0,OFT,22/07/2020,9:42:00,4,178,2020,Male,32.454353,34.939508,185,0,1,0,0,2,0,0,0,2,12,2,3.03,6.06,0.31,198,56,75.81,100,26.28,0.1,99.9,41,1,5,35,0,0,0,1.414213562,0,0,0,1,3.464101615,1.414213562,2.461706725,1.740689519,198,7.483314774,4.32823021,1,26.28,0,1,41,0,1,1,-1.290141734,0.26861263,187.5486892,600,7.9,7,179.6967344
78,32437,1,355.07,0.01,11.62,3.21,0,0,0,75.78,0,0.13,9.25,0,0,OFT,16/07/2020,8:56:00,1,173,2020,Female,32.492261,34.936742,181,0,0,1,0,2,0,0,0,1,11,5,2.31,11.55,1.03,402,9,9.71,100,16.03,19.8,80.2,25,1,2,22,0,1,0,1.414213562,0,0,0,0,3.31662479,2.236067977,3.398529094,1.519868415,402,3,2.273156282,1,16.03,1,0,25,0,0,1,0.879240573,-2.159410561,174.3221282,131.65,1.76,7,168.5490067
79,32437,2,69.87,0.01,11.62,3.21,0,0,0,75.78,0,0.13,9.25,0,0,OFT,22/07/2020,9:08:00,3,170,2020,Female,32.492261,34.936742,181,0,0,0,0,2,0,0,0,1,0,2,4.56,9.11,0.69,88,14,10.62,27,25.64,0.7,99.3,40,0,1,39,0,0,0,1.414213562,0,0,0,0,0,1.414213562,3.018277655,2.13541565,88,3.741657387,2.362739016,0,25.64,0,1,40,0,0,0,-1.703668477,-0.702760794,174.3221282,50.75,1.76,7,165.6261916
80,32437,3,346.43,0.01,11.62,3.21,0,0,0,75.78,0,0.13,9.25,0,0,OFT,29/07/2020,10:59:00,5,166,2020,Female,32.492261,34.936742,181,0,0,0,0,2,0,0,0,2,9,1,4.28,4.28,NA,413,2,9.96,100,15.38,0.6,99.4,24,2,0,22,0,0,0,1.414213562,0,0,0,1,3,1,2.068816087,2.068816087,413,1.414213562,2.298577072,1,15.38,0,1,24,1,0,1,-0.468324677,-2.35144845,174.3221282,1.6,1.76,7,161.7291047
81,32438,1,283.77,0.01,11.62,3.21,0,0,0,75.78,0,0.13,9.25,0,0,OFT,16/07/2020,9:34:00,2,185,2020,Male,32.492261,34.936742,188,1,0,0,0,2,0,10,0,2,4,5,2.88,14.4,1.55,376,26,20.93,100,32.05,58.9,41.1,50,1,5,44,0,0,0,1.414213562,0,1,0,1,2,2.236067977,3.794733192,1.697056275,376,5.099019514,3.041183536,1,32.05,1,0,50,0,0,1,0.842934497,-0.619313269,186.1368165,3.4,1.76,7,183.7268097
82,32438,2,269.83,0.01,11.62,3.21,0,0,0,75.78,0,0.13,9.25,0,0,OFT,22/07/2020,8:07:00,1,190,2020,Male,32.492261,34.936742,188,0,0,0,1,3,1,6,0,3,4,2,7.28,14.56,2.14,391,21,20.31,100,23.08,52.7,47.3,36,2,2,32,0,0,1,1.732050808,1,1,0,1,2,1.414213562,3.815756806,2.698147513,391,4.582575695,3.011113376,1,23.08,1,0,36,1,0,1,1.410153352,-1.909771466,186.1368165,35.19,1.76,7,188.6923992
83,32438,3,223.13,0.01,11.62,3.21,0,0,0,75.78,0,0.13,9.25,0,0,OFT,29/07/2020,12:00:00,7,181,2020,Male,32.492261,34.936742,188,2,0,2,0,1,0,2,0,0,3,6,3.33,19.96,0.92,282,41,48.86,100,38.46,9.2,90.8,60,1,3,56,1,1,0,1,0,1,0,0,1.732050808,2.449489743,4.467661581,1.824828759,282,6.403124237,3.888959066,1,38.46,0,1,60,0,0,1,-0.714956938,0.705744103,186.1368165,2.7,1.76,7,179.7543382
84,32441,1,143.07,77.23,22.77,0,0,0,0,0,0,0,0,0,0,OFT,22/07/2020,10:59:00,6,176,2020,Male,32.149282,34.821199,183,0,0,1,0,0,0,0,0,0,0,0,0,0,NA,158,63,120.44,100,31.41,0,100,49,2,2,45,0,1,0,0,0,0,0,0,0,0,0,0,158,7.937253933,4.791151704,1,31.41,0,1,49,1,1,1,-2.828496328,0.74607516,184.6374254,600,8.04,7,177.0904123
85,32441,2,283.53,77.23,22.77,0,0,0,0,0,0,0,0,0,0,OFT,29/07/2020,9:56:00,3,186,2020,Male,32.149282,34.821199,183,5,0,4,0,1,0,0,0,0,0,6,4.64,27.86,0.8,358,26,33.21,100,58.97,20.6,79.4,92,1,5,86,1,1,0,1,0,0,0,0,0,2.449489743,5.278257288,2.154065923,358,5.099019514,3.502851035,1,58.97,1,0,92,0,0,1,1.361682452,1.138140403,184.6374254,98.03,8.04,7,187.1523676
86,32441,3,336.27,77.23,22.77,0,0,0,0,0,0,0,0,0,0,OFT,05/08/2020,8:56:00,1,189,2020,Male,32.149282,34.821199,183,4,0,1,2,3,0,0,0,2,6,4,5.29,21.16,1.54,396,12,13.4,100,26.92,71.8,28.2,42,2,2,38,1,1,1,1.732050808,0,0,0,1,2.449489743,2,4.6,2.3,396,3.464101615,2.595254707,1,26.92,1,0,42,1,0,1,2.040096501,-2.165354232,184.6374254,183.07,8.04,8,190.1709542
87,32442,1,141.43,77.23,22.77,0,0,0,0,0,0,0,0,0,0,OFT,22/07/2020,12:08:00,8,156,2020,Female,32.149282,34.821199,179,4,0,0,0,4,17,0,1,2,7,3,3.07,9.22,1.32,146,17,26.17,49,27.56,0.2,99.8,43,0,2,41,1,0,0,2,1,0,1,1,2.645751311,1.732050808,3.03644529,1.752141547,146,4.123105626,3.264613717,0,27.56,0,1,43,0,0,0,-0.874777476,-0.324049801,183.220252,84.92,8.04,7,158.541059
88,32442,2,306.47,77.23,22.77,0,0,0,0,0,0,0,0,0,0,OFT,29/07/2020,10:28:00,4,170,2020,Female,32.149282,34.821199,179,11,0,0,0,6,0,0,0,3,7,3,4.2,12.61,3.34,353,33,24.15,100,39.1,14.3,85.7,61,1,3,57,1,0,0,2.449489743,0,0,0,1,2.645751311,1.732050808,3.551056181,2.049390153,353,5.744562647,3.18428438,1,39.1,1,0,61,0,0,1,1.86373784,-0.542037951,183.220252,7.2,8.04,7,172.7691027
89,32442,3,274.07,77.23,22.77,0,0,0,0,0,0,0,0,0,0,OFT,05/08/2020,10:40:00,4,165,2020,Female,32.149282,34.821199,179,4,0,0,0,3,0,0,0,2,6,7,2.5,17.49,1.37,293,41,43.86,100,44.87,26,74,70,1,1,68,1,0,0,1.732050808,0,0,0,1,2.449489743,2.645751311,4.182104733,1.58113883,293,6.403124237,3.781002743,1,44.87,1,0,70,0,0,1,1.326676837,0.488113156,183.220252,36.05,8.04,8,167.6876585
90,32443,1,200.57,75.47,23.12,0,0,0,1.41,0,0,0,0,0,0,OFT,22/07/2020,11:38:00,7,188,2020,Male,32.150295,34.824524,202,0,0,0,0,3,1,0,0,2,8,2,1.98,3.96,1.03,227,52,82.02,100,42.31,6.7,93.3,66,1,2,63,0,0,0,1.732050808,1,0,0,1,2.828427125,1.414213562,1.989974874,1.407124728,227,7.211102551,4.40696312,1,42.31,0,1,66,0,0,1,-0.621835101,0.744739299,205.7678754,4.2,21.63,7,190.424548
91,32443,2,177.53,75.47,23.12,0,0,0,1.41,0,0,0,0,0,0,OFT,29/07/2020,11:28:00,6,195,2020,Male,32.150295,34.824524,202,1,0,3,0,3,0,0,0,3,12,2,5.38,10.76,0.28,177,71,97.06,100,37.82,37.5,62.5,59,0,1,58,0,1,0,1.732050808,0,0,0,1,3.464101615,1.414213562,3.280243893,2.319482701,177,8.426149773,4.575329344,1,37.82,1,0,59,0,0,1,0.396308518,0.984361938,205.7678754,2.8,21.63,7,197.5148237
92,32443,3,126.57,75.47,23.12,0,0,0,1.41,0,0,0,0,0,0,OFT,05/08/2020,11:09:00,5,192,2020,Male,32.150295,34.824524,202,0,0,0,0,2,0,0,0,1,0,0,0,0,NA,73,52,134.73,100,29.49,1.5,98.5,46,1,7,38,0,0,0,1.414213562,0,0,0,0,0,0,0,0,73,7.211102551,4.903272776,1,29.49,0,1,46,0,0,1,-1.931782355,0.565440786,205.7678754,1.3,21.63,8,194.4761341
93,32444,1,232.27,28.52,71.48,0,0,0,0,0,0,0,0,0,0,OFT,22/07/2020,10:24:00,5,156,2020,Female,32.142242,34.819781,169,1,0,0,0,2,3,2,0,3,6,3,2.28,6.84,0.65,333,44,33.29,100,24.36,20.5,79.5,38,2,2,34,0,0,0,1.414213562,1,1,0,1,2.449489743,1.732050808,2.615339366,1.509966887,333,6.633249581,3.505257052,1,24.36,1,0,38,1,0,1,0.145707993,-0.608730447,172.1523314,187.51,60.87,7,158.011859
94,32444,2,250.47,28.52,71.48,0,0,0,0,0,0,0,0,0,0,OFT,29/07/2020,9:28:00,2,166,2020,Female,32.142242,34.819781,169,0,0,0,0,2,0,2,0,2,9,2,6.22,12.45,0.91,324,43,31.38,100,49.36,44.7,55.3,77,1,2,74,0,0,0,1.414213562,0,1,0,1,3,1.414213562,3.528455753,2.493992783,324,6.557438524,3.446170747,1,49.36,1,0,77,0,0,1,0.990187251,0.443675417,172.1523314,29.58,60.87,7,168.1408243
95,32444,3,157.93,28.52,71.48,0,0,0,0,0,0,0,0,0,0,OFT,05/08/2020,10:09:00,3,163,2020,Female,32.142242,34.819781,169,0,0,0,0,1,2,0,0,1,9,1,4.1,4.1,NA,145,69,99.63,100,33.33,0.9,99.1,52,1,5,46,0,0,0,1,1,0,0,0,3,1,2.024845673,2.024845673,145,8.306623863,4.601463324,1,33.33,0,1,52,0,0,1,-1.638643377,0.821866262,172.1523314,129.61,60.87,8,165.1021347
96,32445,1,61.57,32.23,67.77,0,0,0,0,0,0,0,0,0,0,OFT,27/07/2020,10:00:00,1,168,2020,Female,32.139344,34.823647,182,1,0,0,0,0,21,0,0,0,2,5,3.34,16.68,1.07,75,8,11.97,24,32.69,1.6,98.4,51,0,2,49,0,0,0,0,1,0,0,0,1.414213562,2.236067977,4.084115571,1.827566688,75,2.828427125,2.48240352,0,32.69,0,1,51,0,0,0,-2.482868512,0.13897493,181.0420694,2.2,66.43,7,167.386401
97,32445,2,256.37,32.23,67.77,0,0,0,0,0,0,0,0,0,0,OFT,03/08/2020,10:20:00,3,172,2020,Female,32.139344,34.823647,182,1,0,0,0,1,1,0,0,2,7,2,3.08,6.17,0.51,320,37,34.04,97,35.9,3.1,96.9,56,1,3,52,0,0,0,1,1,0,0,1,2.645751311,1.414213562,2.48394847,1.754992877,320,6.08276253,3.527536304,1,35.9,0,1,56,0,0,0,-0.847705968,-0.146887229,181.0420694,2.7,66.43,8,171.3717915
98,32446,1,87.27,23.49,76.36,0,0,0,0.14,0,0,0,0,0,0,OFT,27/07/2020,10:30:00,2,172,2020,Female,32.143061,34.823788,205,0,0,0,0,0,60,0,0,0,4,2,1.21,2.42,0.41,32,27,204.61,100,26.92,0,100,42,1,8,33,0,0,0,0,1,0,0,0,2,1.414213562,1.555634919,1.1,32,5.196152423,5.321105728,1,26.92,0,1,42,0,1,1,-3.073247936,1.447083515,204.8828049,600,78.37,7,171.9318158
99,32446,2,75.33,23.49,76.36,0,0,0,0.14,0,0,0,0,0,0,OFT,03/08/2020,9:40:00,2,169,2020,Female,32.143061,34.823788,205,0,0,0,0,0,58,0,0,0,1,2,1.32,2.64,0.54,33,32,201.5,100,29.49,0,100,46,0,9,37,0,0,0,0,1,0,0,0,1,1.414213562,1.624807681,1.148912529,33,5.656854249,5.305789381,1,29.49,0,1,46,0,1,1,-3.070095206,1.594856759,204.8828049,600,78.37,8,168.9330051
100,32446,3,105.63,23.49,76.36,0,0,0,0.14,0,0,0,0,0,0,OFT,10/08/2020,9:02:00,1,169,2020,Female,32.143061,34.823788,205,0,0,0,0,0,20,0,0,0,4,3,3.17,9.51,1.18,63,45,151.7,100,41.03,1.1,98.9,64,1,4,59,0,0,0,0,1,0,0,0,2,1.732050808,3.083828789,1.780449381,63,6.708203932,5.021904886,1,41.03,0,1,64,0,1,1,-2.377603884,1.999749252,204.8828049,308.83,78.37,8,168.9330051
101,32447,1,269.77,53.28,44.6,0,0,0,2.12,0,0,0,0,0,0,OFT,27/07/2020,11:07:00,3,159,2020,Male,32.146597,34.812101,164,3,0,0,0,3,14,1,0,3,7,5,3.74,18.7,1.76,343,33,21.21,94,25.64,16.3,83.7,40,1,7,32,1,0,0,1.732050808,1,1,0,1,2.645751311,2.236067977,4.324349662,1.933907961,343,5.744562647,3.054472769,1,25.64,1,0,40,0,0,0,0.921017487,-0.772588856,170.3374368,24.08,42.55,7,163.2353605
102,32447,2,226.5,53.28,44.6,0,0,0,2.12,0,0,0,0,0,0,OFT,03/08/2020,9:10:00,1,166,2020,Male,32.146597,34.812101,164,1,0,0,0,3,14,2,0,2,9,2,3.54,7.09,0.6,320,49,46.88,100,41.67,20.2,79.8,65,1,3,61,0,0,0,1.732050808,1,1,0,1,3,1.414213562,2.662705391,1.881488772,320,7,3.847591145,1,41.67,1,0,65,0,0,1,0.741032433,0.308093024,170.3374368,58.17,42.55,8,170.4218229
103,32447,3,259.8,53.28,44.6,0,0,0,2.12,0,0,0,0,0,0,OFT,10/08/2020,9:40:00,2,173,2020,Male,32.146597,34.812101,164,3,0,0,1,3,3,3,0,3,10,1,4.25,4.25,NA,313,53,49.17,100,33.33,0.8,99.2,52,2,5,45,1,0,1,1.732050808,1,1,0,1,3.16227766,1,2.061552813,2.061552813,313,7.280109889,3.895283681,1,33.33,0,1,52,1,0,1,0.183326278,-1.106142361,170.3374368,71.22,42.55,8,177.6082853
104,33665,1,157.1,75.94,23.72,0,0,0,0,0.34,0,0,0,0,0,OFT,29/07/2020,8:56:00,1,164,2020,Female,31.78631,34.672921,182,1,0,4,0,1,3,1,0,0,5,5,3.41,17.03,1.07,162,74,125.66,100,53.21,3,97,83,0,5,78,0,1,0,1,1,1,0,0,2.236067977,2.236067977,4.126742056,1.846618531,162,8.602325267,4.833579847,1,53.21,0,1,83,0,0,1,-0.874463253,2.171701891,174.4930024,117.61,14.4,7,159.2794967
105,33665,2,162.9,75.94,23.72,0,0,0,0,0.34,0,0,0,0,0,OFT,05/08/2020,9:28:00,2,176,2020,Female,31.78631,34.672921,182,1,0,1,0,2,0,3,1,0,7,6,3.89,23.35,1.15,181,62,109.17,100,53.21,14.8,85.2,83,0,3,80,0,1,0,1.414213562,0,1,1,0,2.645751311,2.449489743,4.832183771,1.972308292,181,7.874007874,4.6929063,1,53.21,1,0,83,0,1,1,0.664382606,2.077008162,174.4930024,387.18,14.4,8,170.9340941
106,33665,3,201.37,75.94,23.72,0,0,0,0,0.34,0,0,0,0,0,OFT,12/08/2020,9:08:00,1,179,2020,Female,31.78631,34.672921,182,0,0,0,0,3,6,0,0,3,5,6,3.69,22.14,1.13,237,67,65.4,100,55.13,5.9,94.1,86,0,0,86,0,0,0,1.732050808,1,0,0,1,2.236067977,2.449489743,4.705316142,1.920937271,237,8.185352772,4.180522258,1,55.13,0,1,86,0,0,1,0.110893228,1.5806993,174.4930024,4.4,14.4,8,173.8477434
107,33858,1,293.1,74,26,0,0,0,0,0,0,0,0,0,0,OFT,01/05/2021,9:40:00,3,170,2021,Female,32.148673,34.820411,185,0,0,0,0,4,24,0,0,0,4,3,4.84,14.51,2.53,370,25,19.83,98,33.33,50,50,52,2,4,46,0,0,0,2,1,0,0,0,2,1.732050808,3.809199391,2.2,370,5,2.987195943,1,33.33,1,0,52,1,0,0,1.368647672,-0.742411111,186.6553207,2.12,15.91,5,171.0532392
108,33858,2,262.4,74,26,0,0,0,0,0,0,0,0,0,0,OFT,10/05/2021,8:24:00,1,174,2021,Female,32.148673,34.820411,185,3,0,0,0,4,17,1,0,0,3,4,4.31,17.24,2.01,313,36,44.9,98,62.18,16.1,83.9,97,2,2,93,1,0,0,2,1,1,0,0,1.732050808,2,4.152107898,2.076053949,313,6,3.804437795,1,62.18,1,0,97,1,0,0,1.86454682,1.18611984,186.6553207,53.42,15.91,5,175.0780213
109,33858,3,131.1,74,26,0,0,0,0,0,0,0,0,0,0,OFT,17/05/2021,11:02:00,6,173,2021,Female,32.148673,34.820411,185,1,0,0,0,0,33,0,0,0,2,6,3.72,22.35,2.21,136,55,104.06,80,27.56,0,100,43,1,3,39,0,0,0,0,1,0,0,0,1.414213562,2.449489743,4.727578661,1.928730152,136,7.416198487,4.644967656,1,27.56,0,1,43,0,1,0,-2.276396184,1.390416911,186.6553207,600,15.91,5,174.0718258
110,33859,1,311.6,31.99,68.01,0,0,0,0,0,0,0,0,0,0,OFT,01/05/2021,8:48:00,1,190,2021,Female,32.140829,34.821023,180,3,0,0,4,4,1,3,0,6,10,2,4.18,8.36,0.96,380,17,13.87,97,22.44,81.6,18.4,35,2,3,30,1,0,1,2,1,1,0,1,3.16227766,1.414213562,2.891366459,2.04450483,380,4.123105626,2.629728234,1,22.44,1,0,35,1,0,0,1.73072777,-2.585888179,175.7535219,3.46,32.88,5,186.8807094
111,33859,2,356.07,31.99,68.01,0,0,0,0,0,0,0,0,0,0,OFT,10/05/2021,9:50:00,4,182,2021,Female,32.140829,34.821023,180,0,0,0,1,2,1,0,0,1,7,1,3.75,3.75,NA,402,7,9.83,100,19.23,63.2,36.8,30,4,1,25,0,0,1,1.414213562,1,0,0,0,2.645751311,1,1.936491673,1.936491673,402,2.645751311,2.285438934,1,19.23,1,0,30,1,0,1,1.365468685,-3.2031389,175.7535219,3.15,32.88,5,179.0120479
112,33859,3,329.93,31.99,68.01,0,0,0,0,0,0,0,0,0,0,OFT,17/05/2021,11:37:00,7,169,2021,Female,32.140829,34.821023,180,2,0,0,1,3,0,2,0,1,11,1,5.74,5.74,NA,396,13,13.39,100,26.92,0.1,99.9,42,2,3,37,1,0,1,1.732050808,0,1,0,0,3.31662479,1,2.39582971,2.39582971,396,3.605551275,2.59450816,1,26.92,0,1,42,1,1,1,0.593680619,-2.518611095,175.7535219,600,32.88,5,166.2254731
113,33860,1,175.37,31.99,68.01,0,0,0,0,0,0,0,0,0,0,OFT,01/05/2021,9:15:00,2,163,2021,Male,32.140829,34.821023,182,0,0,0,0,3,0,0,0,2,8,2,4.68,9.35,1.3,172,74,93.51,100,52.56,2.1,97.9,82,1,2,79,0,0,0,1.732050808,0,0,0,1,2.828427125,1.414213562,3.05777697,2.163330765,172,8.602325267,4.538068382,1,52.56,0,1,82,0,0,1,-0.375908683,1.537534316,182.7580499,9.98,32.88,5,163.4704339
114,33860,2,84.27,31.99,68.01,0,0,0,0,0,0,0,0,0,0,OFT,10/05/2021,9:22:00,3,166,2021,Male,32.140829,34.821023,182,0,0,0,0,2,0,0,0,0,6,6,2.93,17.56,1.39,54,42,161.73,81,33.33,0.1,99.9,52,2,1,49,0,0,0,1.414213562,0,0,0,0,2.449489743,2.449489743,4.190465368,1.711724277,54,6.480740698,5.085928278,1,33.33,0,1,52,1,0,0,-1.479215836,1.772792155,182.7580499,75.33,32.88,5,166.4790922
115,33860,3,152.03,31.99,68.01,0,0,0,0,0,0,0,0,0,0,OFT,17/05/2021,8:50:00,2,163,2021,Male,32.140829,34.821023,182,0,0,0,0,3,0,0,0,3,8,2,4.14,8.27,0.09,140,74,97.67,94,33.97,0.1,99.9,53,0,5,48,0,0,0,1.732050808,0,0,0,1,2.828427125,1.414213562,2.875760769,2.034698995,140,8.602325267,4.581594449,1,33.97,0,1,53,0,1,0,-0.987311518,0.881372244,182.7580499,385.66,32.88,5,163.4704339
116,33866,1,253.47,85.15,0.03,0,0,0,0,1.99,0,0,12.83,0,0,OFT,10/05/2021,8:52:00,2,190,2021,Male,32.362509,34.959884,211,3,0,1,3,4,0,2,1,1,9,3,5.51,16.54,2.69,329,31,25.78,95,26.28,33.6,66.4,41,1,5,35,1,1,1,2,0,1,1,0,3,1.732050808,4.066939882,2.347338919,329,5.567764363,3.249598998,1,26.28,1,0,41,0,0,0,1.607850719,-1.547147871,215.9747104,104.6,0,5,194.1111683
117,33866,2,259.7,85.15,0.03,0,0,0,0,1.99,0,0,12.83,0,0,OFT,17/05/2021,9:56:00,4,191,2021,Male,32.362509,34.959884,211,0,0,0,0,1,0,0,0,0,3,4,2.91,11.66,2.01,368,22,17.97,95,31.41,47.1,52.9,49,1,5,43,0,0,0,1,0,0,0,0,1.732050808,2,3.414674216,1.705872211,368,4.69041576,2.888703701,1,31.41,1,0,49,0,1,0,0.335698217,-0.665312449,215.9747104,600,0,5,194.1111683
118,33866,3,252.07,85.15,0.03,0,0,0,0,1.99,0,0,12.83,0,0,OFT,24/05/2021,9:08:00,3,194,2021,Male,32.362509,34.959884,211,3,0,5,0,3,0,8,0,1,10,4,4.87,19.47,1.2,365,36,23.1,100,33.97,55.1,44.9,53,0,6,47,1,1,0,1.732050808,0,1,0,0,3.16227766,2,4.412482295,2.206807649,365,6,3.139832618,1,33.97,1,0,53,0,0,1,1.022978387,-0.296247957,215.9747104,212.95,0,5,197.1600349
119,33867,1,245.17,85.15,0.03,0,0,0,0,1.99,0,0,12.83,0,0,OFT,10/05/2021,10:18:00,5,165,2021,Female,32.362509,34.959884,192,1,0,1,0,5,0,3,0,2,10,2,6.71,13.43,3.48,316,40,20.97,91,37.82,33.2,66.8,59,1,4,54,0,1,0,2.236067977,0,1,0,1,3.16227766,1.414213562,3.66469644,2.590366769,316,6.32455532,3.043092845,1,37.82,1,0,59,0,1,0,1.344831396,-0.413193716,197.481474,600,0,5,168.2520696
120,33867,2,19.87,85.15,0.03,0,0,0,0,1.99,0,0,12.83,0,0,OFT,17/05/2021,9:21:00,3,168,2021,Female,32.362509,34.959884,192,0,0,0,0,1,0,0,0,0,4,5,3.31,16.57,1.01,14,11,23.44,19,19.87,0,100,31,0,0,31,0,0,0,1,0,0,0,0,2,2.236067977,4.070626487,1.81934054,14,3.31662479,3.154443965,0,19.87,0,1,31,0,1,0,-2.347787381,0.099695084,197.481474,600,0,5,171.3111982
121,33867,3,25.17,85.15,0.03,0,0,0,0,1.99,0,0,12.83,0,0,OFT,24/05/2021,8:08:00,1,169,2021,Female,32.362509,34.959884,192,3,0,0,0,0,0,0,2,0,2,3,6.46,19.37,3.78,29,10,14.77,13,26.92,1.4,98.6,42,0,0,42,1,0,0,0,0,0,1,0,1.414213562,1.732050808,4.401136217,2.541653005,29,3.16227766,2.692598097,0,26.92,0,1,42,0,1,0,-2.803290257,0.255901294,197.481474,600,0,5,172.3309077
122,33868,1,326.07,10.61,84.25,0,0,0,0.08,5.05,0,0,0,0,0,OFT,10/05/2021,10:58:00,6,163,2021,Male,31.849098,35.036662,177,4,0,0,0,4,2,1,0,4,6,4,4.95,19.78,1.23,379,23,13.5,98,32.69,33,67,51,2,3,46,1,0,0,2,1,1,0,1,2.449489743,2,4.447471192,2.224859546,379,4.795831523,2.602689685,1,32.69,1,0,51,1,0,0,1.67164511,-1.056713605,176.898812,18.71,100,5,162.9353836
123,33868,2,264.37,10.61,84.25,0,0,0,0.08,5.05,0,0,0,0,0,OFT,17/05/2021,10:36:00,5,168,2021,Male,31.849098,35.036662,177,0,0,0,0,3,0,0,0,2,8,13,4.11,53.44,1.29,320,32,27.27,92,55.13,20.7,79.3,86,0,4,82,0,0,0,1.732050808,0,0,0,1,2.828427125,3.605551275,7.310266753,2.027313493,320,5.656854249,3.305787197,1,55.13,1,0,86,0,0,0,2.018053195,1.152465106,176.898812,14.86,100,5,167.9334015
124,33868,3,253.7,10.61,84.25,0,0,0,0.08,5.05,0,0,0,0,0,OFT,24/05/2021,8:44:00,2,165,2021,Male,31.849098,35.036662,177,0,0,1,0,3,0,1,0,3,5,10,4.76,47.58,1.73,327,30,27.64,93,58.97,28.7,71.3,92,0,5,87,0,1,0,1.732050808,0,1,0,1,2.236067977,3.16227766,6.897825744,2.181742423,327,5.477225575,3.319263999,1,58.97,1,0,92,0,0,0,1.985131984,1.279657459,176.898812,15.11,100,5,164.9345908
125,33874,1,303.8,47.01,52.99,0,0,0,0,0,0,0,0,0,0,OFT,17/05/2021,8:13:00,1,173,2021,Female,32.137242,34.82251,183,8,0,0,0,6,9,5,0,5,18,3,3.93,11.8,0.89,315,41,20.17,96,46.15,37.3,62.7,72,1,1,70,1,0,0,2.449489743,1,1,0,1,4.242640687,1.732050808,3.435112807,1.98242276,315,6.403124237,3.004196352,1,46.15,1,0,72,0,1,0,2.013854199,-0.405087998,188.2245299,599.07,42.09,5,176.4097457
126,33874,2,187.37,47.01,52.99,0,0,0,0,0,0,0,0,0,0,OFT,24/05/2021,9:40:00,4,178,2021,Female,32.137242,34.82251,183,1,0,0,0,2,6,0,0,2,9,1,2.77,2.77,NA,194,70,91.84,100,19.23,0,100,30,1,4,25,0,0,0,1.414213562,1,0,0,1,3,1,1.664331698,1.664331698,194,8.366600265,4.520047933,1,19.23,0,1,30,0,1,1,-1.543754292,-0.047021783,188.2245299,600,42.09,5,181.5082933
127,33874,3,224.1,47.01,52.99,0,0,0,0,0,0,0,0,0,0,OFT,31/05/2021,8:29:00,1,173,2021,Female,32.137242,34.82251,183,8,1,0,0,2,0,2,0,3,9,0,0,0,NA,265,51,53.23,92,30.13,3.8,96.2,47,1,3,43,1,0,0,1.414213562,0,1,0,1,3,0,0,0,265,7.141428429,3.974622147,1,30.13,0,1,47,0,0,0,-1.272136022,-0.45341915,188.2245299,226.57,42.09,5,176.4097457
128,33896,1,269.3,0,70.01,0,0,0,0.39,0,0,0,29.6,0,0,OFT,08/06/2021,8:14:00,1,172,2021,Male,32.554021,34.912367,179,13,0,0,0,1,0,1,0,0,10,3,6.46,19.37,1.63,320,32,26.11,97,46.79,35.4,64.6,73,1,5,67,1,0,0,1,0,1,0,0,3.16227766,1.732050808,4.401136217,2.541653005,320,5.656854249,3.262318383,1,46.79,1,0,73,0,0,0,0.876213743,0.36777171,180.6016347,201.26,94.25,6,173.0656302
129,33896,2,283.9,0,70.01,0,0,0,0.39,0,0,0,29.6,0,0,OFT,14/06/2021,9:10:00,3,172,2021,Male,32.554021,34.912367,179,8,0,8,0,2,0,2,0,0,8,5,6.46,32.28,1.44,339,31,31.05,100,66.03,61.8,38.2,103,2,2,99,1,1,0,1.414213562,0,1,0,0,2.828427125,2.236067977,5.681549085,2.541653005,339,5.567764363,3.435598808,1,66.03,1,0,103,1,0,1,1.904894731,1.369607362,180.6016347,5.42,94.25,6,173.0656302
130,33896,3,225.27,0,70.01,0,0,0,0.39,0,0,0,29.6,0,0,OFT,22/06/2021,14:12:00,13,176,2021,Male,32.554021,34.912367,179,10,0,1,0,1,0,0,0,1,5,4,5.39,21.58,1.91,228,58,62.42,97,48.72,8.1,91.9,76,1,4,71,1,1,0,1,0,0,0,0,2.236067977,2,4.64542786,2.321637353,228,7.615773106,4.133885737,1,48.72,0,1,76,0,0,0,-0.450323176,1.319923486,180.6016347,27.27,94.25,6,177.0904123
131,33897,1,38.13,0,70.01,0,0,0,0.39,0,0,0,29.6,0,0,OFT,08/06/2021,9:17:00,3,155,2021,Female,32.554021,34.912367,163,4,0,0,0,2,0,0,0,2,9,2,7.06,14.12,1.63,33,21,17.38,26,7.05,0,100,11,0,2,9,1,0,0,1.414213562,0,0,0,1,3,1.414213562,3.757658846,2.657066051,33,4.582575695,2.85532012,0,7.05,0,1,11,0,1,0,-2.263175117,-0.828860466,163.6789128,564.17,94.25,6,155.4473451
132,33897,2,227.97,0,70.01,0,0,0,0.39,0,0,0,29.6,0,0,OFT,14/06/2021,11:16:00,7,154,2021,Female,32.554021,34.912367,163,7,0,0,1,2,0,1,0,3,12,0,0,0,NA,244,60,54.06,100,23.08,2,98,36,1,4,31,1,0,1,1.414213562,0,1,0,1,3.464101615,0,0,0,244,7.745966692,3.990094541,1,23.08,0,1,36,0,0,1,-0.797213234,-1.647571493,163.6789128,92.44,94.25,6,154.444459
133,33897,3,283.5,0,70.01,0,0,0,0.39,0,0,0,29.6,0,0,OFT,22/06/2021,9:15:00,4,163,2021,Female,32.554021,34.912367,163,6,0,0,1,3,0,0,0,4,8,0,0,0,NA,347,33,24.7,100,18.59,2.9,97.1,29,2,5,22,1,0,1,1.732050808,0,0,0,1,2.828427125,0,0,0,347,5.744562647,3.206803244,1,18.59,0,1,29,1,0,1,-0.281801098,-2.664586993,163.6789128,89.41,94.25,6,163.4704339
134,33898,1,240.17,38.8,60.54,0,0,0,0,0,0,0.66,0,0,0,OFT,08/06/2021,8:43:00,2,172,2021,Female,32.556928,34.919901,175,2,0,1,0,4,3,1,0,3,11,1,8.9,8.9,NA,282,36,29.96,89,28.85,3,97,45,1,2,42,1,1,0,2,1,1,0,1,3.31662479,1,2.983286778,2.983286778,282,6,3.399863159,1,28.85,0,1,45,0,1,0,-0.285482033,-0.546482478,172.4600671,557.07,68.63,6,170.265215
135,33898,2,203.13,38.8,60.54,0,0,0,0,0,0,0.66,0,0,0,OFT,14/06/2021,10:47:00,6,173,2021,Female,32.556928,34.919901,175,5,0,0,0,2,0,1,0,2,9,3,4.54,13.63,0.56,246,50,63.32,100,41.67,3.5,96.5,65,2,4,59,1,0,0,1.414213562,0,1,0,1,3,1.732050808,3.691882988,2.130727575,246,7.071067812,4.148201235,1,41.67,0,1,65,1,0,1,-0.584151527,0.884735872,172.4600671,202.44,68.63,6,171.255129
136,33898,3,149.37,38.8,60.54,0,0,0,0,0,0,0.66,0,0,0,OFT,22/06/2021,10:35:00,7,178,2021,Female,32.556928,34.919901,175,0,1,0,0,0,0,0,0,1,6,1,4.74,4.74,NA,117,61,125.77,100,23.08,0.9,99.1,36,2,6,28,0,0,0,0,0,0,0,0,2.449489743,1,2.177154106,2.177154106,117,7.810249676,4.834454842,1,23.08,0,1,36,1,0,1,-2.670803887,0.819456479,172.4600671,28.98,68.63,6,176.2046992
137,33901,1,268.43,73.48,26.52,0,0,0,0,0,0,0,0,0,0,OFT,14/06/2021,9:35:00,4,185,2021,Male,32.138756,34.913535,198,1,0,0,0,5,0,0,0,2,7,2,5.62,11.25,1.94,313,38,28.93,96,33.33,10.7,89.3,52,1,4,47,0,0,0,2.236067977,0,0,0,1,2.645751311,1.414213562,3.354101966,2.370653918,313,6.164414003,3.364879119,1,33.33,1,0,52,0,1,0,1.3015696,-0.497196217,200.7277863,594.39,16,6,186.7634599
138,33901,2,316.97,73.48,26.52,0,0,0,0,0,0,0,0,0,0,OFT,22/06/2021,11:00:00,8,187,2021,Male,32.138756,34.913535,198,5,0,0,0,3,0,1,0,1,7,1,6.88,6.88,NA,399,12,16.16,100,21.79,0.2,99.8,34,1,2,31,1,0,0,1.732050808,0,1,0,0,2.645751311,1,2.62297541,2.62297541,399,3.464101615,2.782539053,1,21.79,0,1,34,0,1,1,-0.208096971,-1.585045878,200.7277863,467.39,16,6,188.7825244
139,33901,3,311.8,73.48,26.52,0,0,0,0,0,0,0,0,0,0,OFT,05/07/2021,10:24:00,5,179,2021,Male,32.138756,34.913535,198,10,0,0,0,5,0,0,0,4,8,1,3.02,3.02,NA,361,26,26.91,100,26.28,1.6,98.4,41,1,2,38,1,0,0,2.236067977,0,0,0,1,2.828427125,1,1.73781472,1.73781472,361,5.099019514,3.292497965,1,26.28,0,1,41,0,1,1,0.070248891,-1.260427608,200.7277863,600,16,7,180.7062666
140,33902,1,115.3,75.78,24.22,0,0,0,0,0,0,0,0,0,0,OFT,14/06/2021,8:43:00,2,172,2021,Male,32.138996,34.913663,190,0,0,1,0,1,0,1,0,1,7,2,3.97,7.94,3.85,151,23,21.57,49,33.97,1,99,53,0,4,49,0,1,0,1,0,1,0,0,2.645751311,1.414213562,2.817800561,1.992485885,151,4.795831523,3.07130346,0,33.97,0,1,53,0,0,0,-1.6323645,0.020461917,189.8913802,103.53,13.69,6,171.9318158
141,33902,2,239.67,75.78,24.22,0,0,0,0,0,0,0,0,0,0,OFT,22/06/2021,8:01:00,1,187,2021,Male,32.138996,34.913663,190,3,0,1,0,3,0,2,0,2,14,2,6.29,12.57,0.05,260,60,52.29,98,50,10.5,89.5,78,0,5,73,1,1,0,1.732050808,0,1,0,1,3.741657387,1.414213562,3.54541958,2.507987241,260,7.745966692,3.956805148,1,50,1,0,78,0,0,0,1.139590265,0.833049992,189.8913802,13.2,13.69,6,186.9258695
142,33902,3,246.13,75.78,24.22,0,0,0,0,0,0,0,0,0,0,OFT,05/07/2021,11:28:00,7,172,2021,Male,32.138996,34.913663,190,2,0,0,0,3,0,0,1,2,11,2,6.23,12.45,0.67,276,59,47.4,94,30.13,0.7,99.3,47,2,1,44,1,0,0,1.732050808,0,0,1,1,3.31662479,1.414213562,3.528455753,2.495996795,276,7.681145748,3.858622229,1,30.13,0,1,47,1,1,0,-0.374289833,-0.032809954,189.8913802,600,13.69,7,171.9318158
143,33903,1,234.47,73.32,15.34,0,0,0,2.29,9.05,0,0,0,0,0,OFT,14/06/2021,10:12:00,5,185,2021,Male,32.147756,34.915143,209,15,0,0,0,3,0,0,2,2,10,2,6.69,13.39,2.04,307,52,47.05,99,53.21,21.3,78.7,83,0,5,78,1,0,0,1.732050808,0,0,1,1,3.16227766,1.414213562,3.659234893,2.586503431,307,7.211102551,3.851210866,1,53.21,1,0,83,0,1,1,1.211292826,0.923048781,209.8705078,600,30.73,6,185.533928
144,33903,2,205.97,73.32,15.34,0,0,0,2.29,9.05,0,0,0,0,0,OFT,22/06/2021,8:25:00,2,196,2021,Male,32.147756,34.915143,209,7,0,0,2,3,0,0,0,1,9,5,19.09,95.44,16.83,202,60,84.57,100,53.21,4.5,95.5,83,1,4,78,1,0,1,1.732050808,0,0,0,0,3,2.236067977,9.769339793,4.369210455,202,7.745966692,4.437579594,1,53.21,0,1,83,0,0,1,1.445829685,1.689385721,209.8705078,4.1,30.73,6,196.5656751
145,33903,3,120.6,73.32,15.34,0,0,0,2.29,9.05,0,0,0,0,0,OFT,05/07/2021,8:30:00,2,189,2021,Male,32.147756,34.915143,209,5,1,0,0,3,0,0,0,0,10,1,2.91,2.91,NA,139,45,54.23,66,31.41,1.6,98.4,49,0,4,45,1,0,0,1.732050808,0,0,0,0,3.16227766,1,1.705872211,1.705872211,139,6.708203932,3.993234261,1,31.41,0,1,49,0,1,0,-1.359013637,0.248026606,209.8705078,600,30.73,7,189.5454724
146,33904,1,159.13,73.32,15.34,0,0,0,2.29,9.05,0,0,0,0,0,OFT,14/06/2021,8:16:00,1,176,2021,Female,32.147756,34.915143,216,0,0,0,0,2,0,2,0,2,10,3,8.49,25.47,3.67,185,53,64.83,89,67.31,9.3,90.7,105,0,1,104,0,0,0,1.414213562,0,1,0,1,3.16227766,1.732050808,5.046781152,2.913760457,185,7.280109889,4.171768459,1,67.31,0,1,105,0,0,0,-0.028918392,2.333372934,212.8649971,72.32,30.73,6,174.2248711
147,33904,2,204.47,73.32,15.34,0,0,0,2.29,9.05,0,0,0,0,0,OFT,22/06/2021,12:34:00,11,170,2021,Female,32.147756,34.915143,216,1,0,1,0,3,0,0,0,1,10,6,4.13,24.76,1.02,261,64,48.33,98,60.26,25.7,74.3,94,0,5,89,0,1,0,1.732050808,0,0,0,0,3.16227766,2.449489743,4.975942122,2.032240143,261,8,3.878052486,1,60.26,1,0,94,0,1,0,1.397975248,1.574423416,212.8649971,600,30.73,6,168.2853869
148,33904,3,189.63,73.32,15.34,0,0,0,2.29,9.05,0,0,0,0,0,OFT,05/07/2021,8:03:00,1,171,2021,Female,32.147756,34.915143,216,3,0,7,0,3,0,0,0,3,16,6,3.92,23.52,1.16,224,67,68.97,96,82.69,18.8,81.2,129,0,3,126,1,1,0,1.732050808,0,0,0,1,4,2.449489743,4.849742261,1.979898987,224,8.185352772,4.233671627,1,82.69,1,0,129,0,0,0,1.800301365,2.762607257,212.8649971,2.9,30.73,7,169.2753009
149,33908,2,306.03,44.18,55.82,0,0,0,0,0,0,0,0,0,0,OFT,05/07/2021,12:29:00,9,179,2021,Male,32.156314,34.828409,196,2,0,0,0,1,0,0,0,1,5,6,3.6,21.61,0.8,374,19,21.82,100,53.21,69.1,30.9,83,1,2,80,1,0,0,1,0,0,0,0,2.236067977,2.449489743,4.64865572,1.897366596,374,4.358898944,3.08282698,1,53.21,1,0,83,0,0,1,1.295529341,0.401065311,192.2614899,2.7,65.49,7,176.6256984
150,33908,3,372.73,44.18,55.82,0,0,0,0,0,0,0,0,0,0,OFT,13/07/2021,10:47:00,7,172,2021,Male,32.156314,34.828409,196,0,0,0,0,2,0,0,0,1,3,2,4.33,8.66,0.72,407,4,9.64,100,26.28,10.7,89.3,41,2,1,38,0,0,0,1.414213562,0,0,0,0,1.732050808,1.414213562,2.942787794,2.080865205,407,2,2.265921109,1,26.28,1,0,41,1,0,1,1.160389656,-1.904255816,192.2614899,2.4,65.49,7,169.7185482
151,33909,1,306.63,44.18,55.82,0,0,0,0,0,0,0,0,0,0,OFT,22/06/2021,13:47:00,12,169,2021,Female,32.156314,34.828409,178,1,0,0,0,5,0,3,0,0,4,2,4.73,9.47,0.86,379,22,16.08,99,30.13,73.3,26.7,47,1,4,42,0,0,0,2.236067977,0,1,0,0,2,1.414213562,3.077336511,2.174856317,379,4.69041576,2.777576264,1,30.13,1,0,47,0,0,1,1.454191887,-1.249153077,181.320207,1.43,65.49,6,171.1795139
152,33909,2,292.63,44.18,55.82,0,0,0,0,0,0,0,0,0,0,OFT,05/07/2021,11:02:00,6,172,2021,Female,32.156314,34.828409,178,0,0,5,0,4,1,8,0,3,7,2,5.41,10.82,0.58,381,20,17.07,98,26.28,86.8,13.2,41,2,3,36,0,1,0,2,1,1,0,1,2.645751311,1.414213562,3.289376841,2.32594067,381,4.472135955,2.837322537,1,26.28,1,0,41,1,0,0,1.132097133,-1.22700353,181.320207,13.99,65.49,7,174.2182035
153,33909,3,291.07,44.18,55.82,0,0,0,0,0,0,0,0,0,0,OFT,13/07/2021,11:11:00,8,160,2021,Female,32.156314,34.828409,178,2,0,6,0,4,0,1,0,2,7,4,4.31,17.23,1.1,364,25,22.16,100,42.95,41.9,58.1,67,2,3,62,1,1,0,2,0,1,0,1,2.645751311,2,4.150903516,2.076053949,364,5,3.098288862,1,42.95,1,0,67,1,0,1,1.628664194,-0.207208704,181.320207,9.1,65.49,7,162.0634451
154,33911,1,111.67,48.72,18.05,4.08,0,0,1.22,27.93,0,0,0,0,0,OFT,22/06/2021,10:09:00,6,189,2021,Male,32.131363,34.817854,194,1,0,1,0,2,0,1,1,0,6,2,4.1,8.19,0.34,186,17,22.38,56,35.9,3.9,96.1,56,1,1,54,0,1,0,1.414213562,0,1,1,0,2.449489743,1.414213562,2.861817604,2.024845673,186,4.123105626,3.108167703,1,35.9,0,1,56,0,0,0,-1.29688729,0.073473671,184.3321236,48.49,16.71,6,182.4183935
155,33911,2,264.33,48.72,18.05,4.08,0,0,1.22,27.93,0,0,0,0,0,OFT,05/07/2021,9:05:00,3,189,2021,Male,32.131363,34.817854,194,2,0,2,0,2,0,3,0,0,6,2,4.88,9.76,0.86,360,7,13.25,90,21.79,4.2,95.8,34,3,1,30,1,1,0,1.414213562,0,1,0,0,2.449489743,1.414213562,3.12409987,2.209072203,360,2.645751311,2.583997552,1,21.79,0,1,34,1,0,0,-0.66100178,-1.390494349,184.3321236,76.72,16.71,7,182.4183935
156,33911,3,240.93,48.72,18.05,4.08,0,0,1.22,27.93,0,0,0,0,0,OFT,13/07/2021,9:04:00,3,183,2021,Male,32.131363,34.817854,194,1,0,12,0,2,0,0,0,1,13,8,5.23,41.82,1.24,345,27,22.92,94,44.87,62.5,37.5,70,1,2,67,0,1,0,1.414213562,0,0,0,0,3.605551275,2.828427125,6.466838486,2.286919325,345,5.196152423,3.132009892,1,44.87,1,0,70,0,0,0,1.288781661,0.60360566,184.3321236,1.9,16.71,7,176.6273334
157,33915,1,238.9,67.09,2.85,0,0,0,0,0,0,0,30.06,0,0,OFT,22/06/2021,9:44:00,5,158,2021,Male,32.64722,35.138095,176,1,1,2,1,3,5,0,2,1,9,6,4.32,25.95,0.96,282,50,39.67,98,53.85,52.5,47.5,84,0,3,81,0,1,1,1.732050808,1,0,1,0,3,2.449489743,5.094114251,2.078460969,282,7.071067812,3.680595235,1,53.85,1,0,84,0,0,0,2.101415149,0.157643676,181.0246845,8.39,0,6,161.114103
158,33915,2,234.4,67.09,2.85,0,0,0,0,0,0,0,30.06,0,0,OFT,05/07/2021,12:04:00,8,160,2021,Male,32.64722,35.138095,176,1,0,0,0,1,24,0,0,1,6,10,4.16,41.61,1.89,303,38,33.88,93,62.18,49.4,50.6,97,0,5,92,0,0,0,1,1,0,0,0,2.449489743,3.16227766,6.450581369,2.039607805,303,6.164414003,3.52282487,1,62.18,1,0,97,0,0,0,1.323834024,1.675558008,181.0246845,2.87,0,7,163.1535221
159,33915,3,276.47,67.09,2.85,0,0,0,0,0,0,0,30.06,0,0,OFT,13/07/2021,9:58:00,5,163,2021,Male,32.64722,35.138095,176,0,1,0,1,2,0,0,0,0,4,7,4.21,29.45,1.13,340,41,20.56,97,40.38,54.1,45.9,63,1,3,59,0,0,1,1.414213562,0,0,0,0,2,2.645751311,5.42678542,2.051828453,340,6.403124237,3.023347441,1,40.38,1,0,63,0,0,0,1.865423784,-0.886300485,181.0246845,8.42,0,7,166.2126506
160,33916,2,284.77,67.09,2.85,0,0,0,0,0,0,0,30.06,0,0,OFT,05/07/2021,9:59:00,4,155,2021,Female,32.64722,35.138095,166,6,0,0,0,5,2,2,1,3,10,2,4.52,9.04,1.8,319,56,30.05,99,31.41,21.6,78.4,49,2,2,45,1,0,0,2.236067977,1,1,1,1,3.16227766,1.414213562,3.006659276,2.126029163,319,7.483314774,3.402862661,1,31.41,1,0,49,1,0,1,1.29651857,-0.669265682,167.4853148,81.95,0,7,155.9603063
161,33916,3,267.33,67.09,2.85,0,0,0,0,0,0,0,30.06,0,0,OFT,13/07/2021,8:37:00,2,154,2021,Female,32.64722,35.138095,166,8,0,0,0,4,0,0,1,3,10,1,6.25,6.25,NA,317,57,34.25,100,33.97,14.8,85.2,53,1,2,50,1,0,0,2,0,0,1,1,3.16227766,1,2.5,2.5,317,7.549834435,3.533686565,1,33.97,1,0,53,0,0,1,0.995098093,-0.457442595,167.4853148,174.31,0,7,154.9541108
162,33931,1,254.03,66.72,33.28,0,0,0,0,0,0,0,0,0,0,OFT,13/07/2021,9:28:00,4,165,2021,Female,32.14628,34.927507,215,17,0,2,0,4,5,0,1,3,7,2,6.21,12.42,0.74,326,42,40.35,100,64.1,55.1,44.9,100,0,4,96,1,1,0,2,1,0,1,1,2.645751311,1.414213562,3.524202037,2.491987159,326,6.480740698,3.697591395,1,64.1,1,0,100,0,1,1,1.776773297,1.100284141,211.879511,264.8,32.35,7,163.3358167
163,33931,2,251.07,66.72,33.28,0,0,0,0,0,0,0,0,0,0,OFT,20/07/2021,9:17:00,4,172,2021,Female,32.14628,34.927507,215,18,0,0,0,3,1,0,1,2,5,3,4.94,14.83,2.29,337,35,42.79,99,43.59,14.2,85.8,68,0,7,61,1,0,0,1.732050808,1,0,1,1,2.236067977,1.732050808,3.850973903,2.222611077,337,5.916079783,3.75630443,1,43.59,1,0,68,0,0,1,1.114407586,0.443295565,211.879511,12.3,32.35,7,170.265215
164,33931,3,237.9,66.72,33.28,0,0,0,0,0,0,0,0,0,0,OFT,26/07/2021,9:09:00,4,173,2021,Female,32.14628,34.927507,215,1,1,0,0,4,0,0,0,1,5,0,0,0,NA,285,40,37.13,87,46.79,6.7,93.3,73,0,2,71,0,0,0,2,0,0,0,0,2.236067977,0,0,0,285,6.32455532,3.614425268,1,46.79,0,1,73,0,0,0,-0.330255928,-0.208320814,211.879511,12.4,32.35,7,171.255129
165,33932,1,334.93,54.2,44.26,0,0,0,0,1.54,0,0,0,0,0,OFT,13/07/2021,10:23:00,6,175,2021,Male,32.148215,34.933268,182,4,0,0,0,4,0,0,0,2,9,1,1.75,1.75,NA,366,22,17.93,100,41.67,43.6,56.4,65,2,2,61,1,0,0,2,0,0,0,1,3,1,1.322875656,1.322875656,366,4.69041576,2.886475288,1,41.67,1,0,65,1,0,1,1.451183718,-1.09147406,181.8959536,1.3,11.51,7,174.9306266
166,33932,2,254.4,54.2,44.26,0,0,0,0,1.54,0,0,0,0,0,OFT,20/07/2021,12:16:00,10,173,2021,Male,32.148215,34.933268,182,7,0,0,0,3,0,0,0,1,11,1,2.08,2.08,NA,313,42,40.64,97,28.85,1.1,98.9,45,1,3,41,1,0,0,1.732050808,0,0,0,0,3.31662479,1,1.44222051,1.44222051,313,6.480740698,3.704752803,1,28.85,0,1,45,0,0,0,-0.654222227,-0.607986405,181.8959536,3.4,11.51,7,172.9314194
167,33932,3,280.13,54.2,44.26,0,0,0,0,1.54,0,0,0,0,0,OFT,26/07/2021,11:38:00,9,182,2021,Male,32.148215,34.933268,182,0,0,0,0,3,0,0,0,1,4,0,0,0,NA,326,36,26.83,99,18.59,0,100,29,1,4,24,0,0,0,1.732050808,0,0,0,0,2,0,0,0,326,6,3.289520664,1,18.59,0,1,29,0,0,1,-0.93020322,-1.680918109,181.8959536,9.59,11.51,7,181.9278516
168,33933,1,310,54.2,44.26,0,0,0,0,1.54,0,0,0,0,0,OFT,13/07/2021,8:01:00,1,156,2021,Female,32.148215,34.933268,167,26,0,0,1,3,43,0,0,3,12,1,8.1,8.1,NA,362,31,21.35,99,35.26,45.4,54.6,55,1,5,49,1,0,1,1.732050808,1,0,0,1,3.464101615,1,2.846049894,2.846049894,362,5.567764363,3.06105174,1,35.26,1,0,55,0,1,1,1.788086222,-1.71213371,163.8146368,600,11.51,7,153.9307763
169,33933,2,239.73,54.2,44.26,0,0,0,0,1.54,0,0,0,0,0,OFT,20/07/2021,9:42:00,5,153,2021,Female,32.148215,34.933268,167,8,0,2,0,1,0,3,0,1,9,7,4.72,33.06,1.53,328,44,31.19,97,57.69,24.2,75.8,90,0,6,84,1,1,0,1,0,1,0,0,3,2.645751311,5.749782605,2.172556098,328,6.633249581,3.440097531,1,57.69,1,0,90,0,0,0,1.150132403,1.288189269,163.8146368,93.83,11.51,7,150.970569
170,33933,3,225.7,54.2,44.26,0,0,0,0,1.54,0,0,0,0,0,OFT,26/07/2021,11:04:00,8,153,2021,Female,32.148215,34.933268,167,7,0,0,0,2,0,1,0,3,7,6,3.68,22.09,0.87,316,28,30.77,89,41.03,0.2,99.8,64,0,6,58,1,0,0,1.414213562,0,1,0,1,2.645751311,2.449489743,4.7,1.918332609,316,5.291502622,3.426540189,1,41.03,0,1,64,0,1,0,-0.260035933,0.427500178,163.8146368,600,11.51,7,150.970569
171,33934,1,325.43,66.34,33.66,0,0,0,0,0,0,0,0,0,0,OFT,20/07/2021,7:58:00,1,159,2021,Female,31.893447,34.749424,188,4,0,1,0,2,0,0,0,2,6,0,0,0,NA,412,4,12.55,100,9.62,21.7,78.3,15,1,2,12,1,1,0,1.414213562,0,0,0,1,2.449489743,0,0,0,412,2,2.529720666,1,9.62,1,0,15,0,1,1,0.027266381,-2.735814286,184.4140822,510.62,49.84,7,156.8909835
172,33934,2,191.8,66.34,33.66,0,0,0,0,0,0,0,0,0,0,OFT,26/07/2021,10:01:00,6,162,2021,Female,31.893447,34.749424,188,0,0,0,0,0,0,0,0,0,8,0,0,0,NA,260,8,15.68,65,16.67,7.8,92.2,26,1,0,25,0,0,0,0,0,0,0,0,2.828427125,0,0,0,260,2.828427125,2.752386015,1,16.67,0,1,26,0,1,0,-2.733045046,-1.524816387,184.4140822,472.84,49.84,7,159.8511907
173,33934,3,307.83,66.34,33.66,0,0,0,0,0,0,0,0,0,0,OFT,02/08/2021,8:01:00,1,163,2021,Female,31.893447,34.749424,188,1,0,0,0,3,0,1,0,1,7,2,3.16,6.31,1.72,384,13,20.8,100,39.1,2.6,97.4,61,3,0,58,0,0,0,1.732050808,0,1,0,0,2.645751311,1.414213562,2.511971337,1.777638883,384,3.605551275,3.034952987,1,39.1,0,1,61,1,0,1,0.115648424,-0.695334898,184.4140822,2.4,49.84,8,160.8379265
174,33935,1,337.43,66.34,33.66,0,0,0,0,0,0,0,0,0,0,OFT,20/07/2021,8:29:00,2,175,2021,Male,31.893447,34.749424,192,2,0,0,0,4,0,0,0,2,3,0,0,0,NA,411,6,10.97,100,14.1,99.9,0.1,22,1,2,19,1,0,0,2,0,0,0,1,1.732050808,0,0,0,411,2.449489743,2.395164274,1,14.1,1,0,22,0,0,1,0.649384604,-2.80323845,184.0805301,10.85,49.84,7,169.9628776
175,33935,2,46.13,66.34,33.66,0,0,0,0,0,0,0,0,0,0,OFT,26/07/2021,7:55:00,1,198,2021,Male,31.893447,34.749424,192,2,0,0,0,1,0,0,0,1,1,1,5.75,5.75,NA,49,1,2.83,13,14.1,0.5,99.5,22,0,1,21,1,0,0,1,0,0,0,0,1,1,2.397915762,2.397915762,49,1,1.040276712,0,14.1,0,1,22,0,0,0,-2.411729307,-2.091212667,184.0805301,1.4,49.84,7,192.3008558
176,33935,3,110.73,66.34,33.66,0,0,0,0,0,0,0,0,0,0,OFT,02/08/2021,10:59:00,7,180,2021,Male,31.893447,34.749424,192,3,0,0,0,1,0,0,0,1,2,2,3.73,7.46,0.39,140,8,8.86,37,21.15,0.4,99.6,33,1,1,31,1,0,0,1,0,0,0,0,1.414213562,1.414213562,2.731300057,1.931320792,140,2.828427125,2.181546765,0,21.15,0,1,33,0,0,0,-1.907288175,-1.145770941,184.0805301,7.41,49.84,8,174.8189598
177,33936,1,335.17,92.49,7.38,0,0,0,0,0.13,0,0,0,0,0,OFT,20/07/2021,8:53:00,3,159,2021,Female,31.896291,34.747267,174,26,0,0,0,2,0,1,0,3,6,1,6.31,6.31,NA,391,14,10.31,99,14.1,48.5,51.5,22,2,2,18,1,0,0,1.414213562,0,1,0,1,2.449489743,1,2.511971337,2.511971337,391,3.741657387,2.333114298,1,14.1,1,0,22,1,0,1,0.580257225,-2.280347865,177.2455956,2.9,0.36,7,161.0505485
178,33936,2,331.07,92.49,7.38,0,0,0,0,0.13,0,0,0,0,0,OFT,26/07/2021,8:43:00,3,157,2021,Female,31.896291,34.747267,174,10,0,1,0,2,0,0,0,2,8,2,7.8,15.61,0.51,398,5,10.71,98,28.85,89.6,10.4,45,1,3,41,1,1,0,1.414213562,0,0,0,1,2.828427125,1.414213562,3.950949253,2.792848009,398,2.236067977,2.371177884,1,28.85,1,0,45,0,0,0,1.119694376,-1.386901864,177.2455956,78.5,0.36,7,159.0247555
179,33936,3,143.57,92.49,7.38,0,0,0,0,0.13,0,0,0,0,0,OFT,02/08/2021,11:48:00,9,159,2021,Female,31.896291,34.747267,174,38,0,0,0,2,0,0,0,1,5,0,0,0,NA,158,8,6.58,41,11.54,0.2,99.8,18,0,0,18,1,0,0,1.414213562,0,0,0,0,2.236067977,0,0,0,158,2.828427125,1.884034745,0,11.54,0,1,18,0,0,0,-2.020152505,-2.43960592,177.2455956,55.85,0.36,8,161.0505485
180,33937,1,301,94.37,5.06,0,0,0,0,0.57,0,0,0,0,0,OFT,20/07/2021,10:34:00,7,163,2021,Female,31.896682,34.746136,177,3,0,0,0,1,0,0,0,1,4,1,4.04,4.04,NA,407,5,14.87,100,12.18,0.5,99.5,19,1,3,15,1,0,0,1,0,0,0,0,2,1,2.009975124,2.009975124,407,2.236067977,2.69934576,1,12.18,0,1,19,0,1,1,-1.1581303,-1.954204059,172.8242965,594.65,0,7,160.323977
181,33937,2,74.8,94.37,5.06,0,0,0,0,0.57,0,0,0,0,0,OFT,26/07/2021,8:19:00,2,171,2021,Female,31.896682,34.746136,177,0,0,0,0,1,0,2,0,1,2,5,5.69,28.47,1.24,112,12,11.28,32,16.03,0.2,99.8,25,0,2,23,0,0,0,1,0,1,0,0,1.414213562,2.236067977,5.335728629,2.385372088,112,3.464101615,2.423031246,0,16.03,0,1,25,0,0,0,-1.872060126,-0.564742749,172.8242965,10.2,0,7,168.1926384
182,33937,3,221.13,94.37,5.06,0,0,0,0,0.57,0,0,0,0,0,OFT,02/08/2021,9:43:00,5,170,2021,Female,31.896682,34.746136,177,0,0,1,0,0,0,0,0,0,3,9,6.51,58.63,0.77,282,22,20.51,79,41.03,19.9,80.1,64,0,6,58,0,1,0,0,0,0,0,0,1.732050808,3,7.65702292,2.551470164,282,4.69041576,3.020912572,1,41.03,1,0,64,0,0,0,0.218929181,0.90604634,172.8242965,50.42,0,8,167.2090557
183,33938,1,262.77,92.49,7.38,0,0,0,0,0.13,0,0,0,0,0,OFT,20/07/2021,10:08:00,6,170,2021,Male,31.896291,34.747267,191,11,0,0,0,3,0,0,0,1,7,1,5.82,5.82,NA,317,38,27.8,93,49.36,27.2,72.8,77,1,3,73,1,0,0,1.732050808,0,0,0,0,2.645751311,1,2.412467616,2.412467616,317,6.164414003,3.325036021,1,49.36,1,0,77,0,0,0,1.141495406,0.049983495,194.5626941,1.5,0.36,7,172.1924104
184,33938,2,179,92.49,7.38,0,0,0,0,0.13,0,0,0,0,0,OFT,26/07/2021,9:39:00,5,176,2021,Male,31.896291,34.747267,191,1,0,0,0,2,0,0,0,2,9,2,6.39,12.78,1.3,239,14,18.44,64,33.97,2.6,97.4,53,1,2,50,0,0,0,1.414213562,0,0,0,1,3,1.414213562,3.574912586,2.527844932,239,3.741657387,2.914522218,1,33.97,0,1,53,0,0,0,-0.82802931,-0.264495197,194.5626941,114.42,0.36,7,178.2697896
185,33938,3,212.63,92.49,7.38,0,0,0,0,0.13,0,0,0,0,0,OFT,02/08/2021,8:49:00,3,179,2021,Male,31.896291,34.747267,191,6,0,0,0,2,3,0,1,2,10,5,4.19,20.93,0.47,262,20,22.24,73,33.97,8.3,91.7,53,2,1,50,1,0,0,1.414213562,1,0,1,1,3.16227766,2.236067977,4.574931693,2.046948949,262,4.472135955,3.101892469,1,33.97,0,1,53,1,1,0,-0.497849449,-0.068015439,194.5626941,272.99,0.36,8,181.3084792
186,33939,1,10.97,92.53,6.41,0,0,0,0,0.57,0,0.49,0,0,0,OFT,20/07/2021,11:11:00,8,157,2021,Female,31.897508,34.745652,176,1,0,0,0,0,7,0,0,0,0,1,5.67,5.67,NA,11,3,4.64,5,17.31,1.8,98.2,27,0,0,27,0,0,0,0,1,0,0,0,0,1,2.38117618,2.38117618,11,1.732050808,1.534714366,0,17.31,0,1,27,0,1,0,-3.323595657,-1.29696155,173.4455532,600,0,7,155.4165044
187,33939,2,243.6,92.53,6.41,0,0,0,0,0.57,0,0.49,0,0,0,OFT,26/07/2021,10:39:00,7,161,2021,Female,31.897508,34.745652,176,4,0,0,0,2,0,0,0,1,10,2,4.63,9.26,2.71,287,39,41.91,89,39.1,22.5,77.5,61,0,5,56,1,0,0,1.414213562,0,0,0,0,3.16227766,1.414213562,3.043024811,2.151743479,287,6.244997998,3.735524462,1,39.1,1,0,61,0,1,0,0.609473066,0.184911539,173.4455532,289.59,0,7,159.3761605
188,33939,3,90.23,92.53,6.41,0,0,0,0,0.57,0,0.49,0,0,0,OFT,02/08/2021,12:14:00,10,160,2021,Female,31.897508,34.745652,176,1,0,3,0,1,1,0,0,0,3,2,4.16,8.31,0.32,112,26,54.61,45,48.08,0.6,99.4,75,0,2,73,0,1,0,1,1,0,0,0,1.732050808,1.414213562,2.882707061,2.039607805,112,5.099019514,4.000217016,0,48.08,0,1,75,0,0,0,-1.506194029,1.372310412,173.4455532,0,0,8,158.3862465
189,33946,1,275.6,44.61,55.39,0,0,0,0,0,0,0,0,0,0,OFT,02/08/2021,9:18:00,4,185,2021,Male,32.360706,34.924861,203,7,0,0,0,3,6,0,0,2,9,1,3.8,3.8,NA,311,47,46.19,100,53.21,58,42,83,1,3,79,1,0,0,1.732050808,1,0,0,1,3,1,1.949358869,1.949358869,311,6.8556546,3.832763324,1,53.21,1,0,83,0,0,1,1.199131504,0.446253512,195.5104532,3.1,96.21,8,180.2402673
190,33946,2,36.33,44.61,55.39,0,0,0,0,0,0,0,0,0,0,OFT,09/08/2021,8:48:00,3,183,2021,Male,32.360706,34.924861,203,2,0,3,0,1,12,0,0,0,3,4,4.95,19.82,2.1,50,11,10.43,17,28.21,11.2,88.8,44,0,0,44,1,1,0,1,1,0,0,0,1.732050808,2,4.451965858,2.224859546,50,3.31662479,2.344686269,0,28.21,1,0,44,0,0,0,-0.848856648,-0.181815667,195.5104532,2.1,96.21,8,178.2917239
191,33947,1,262.4,41.92,50.52,0,0,0,0,0,0,0,7.56,0,0,OFT,02/08/2021,10:35:00,6,173,2021,Female,32.361385,34.921145,185,0,0,0,1,2,0,0,0,1,6,1,3.45,3.45,NA,316,31,33.49,94,49.36,5.6,94.4,77,1,4,72,0,0,1,1.414213562,0,0,0,0,2.449489743,1,1.857417562,1.857417562,316,5.567764363,3.511246887,1,49.36,0,1,77,0,0,0,0.346604999,-0.741458981,190.2816286,1.7,61.02,8,176.4097457
192,33947,2,194.03,41.92,50.52,0,0,0,0,0,0,0,7.56,0,0,OFT,09/08/2021,8:26:00,2,167,2021,Female,32.361385,34.921145,185,0,0,1,0,2,0,0,1,1,3,1,4.61,4.61,NA,248,23,17.21,71,23.08,0.2,99.8,36,1,1,34,0,1,0,1.414213562,0,0,1,0,1.732050808,1,2.147091055,2.147091055,248,4.795831523,2.84549061,1,23.08,0,1,36,0,0,0,-1.207158729,-1.065147852,190.2816286,22.95,61.02,8,170.2914887
193,33947,3,245.53,41.92,50.52,0,0,0,0,0,0,0,7.56,0,0,OFT,16/08/2021,8:22:00,1,170,2021,Female,32.361385,34.921145,185,0,1,1,0,2,0,0,0,0,8,3,4.93,14.78,1.72,347,36,27.92,100,46.79,34.6,65.4,73,0,3,70,0,1,0,1.414213562,0,0,0,0,2.828427125,1.732050808,3.844476557,2.220360331,347,6,3.329343278,1,46.79,1,0,73,0,0,1,0.95616356,0.330851451,190.2816286,3.25,61.02,8,173.3506172
194,33948,1,285.6,57.52,32.76,0,0,0,0,0,0,0,9.71,0,0,OFT,02/08/2021,8:25:00,2,178,2021,Male,32.364954,34.920902,185,5,0,0,0,4,0,1,0,2,7,3,2.77,8.32,1.29,333,31,20.75,93,42.95,33.8,66.2,67,1,5,61,1,0,0,2,0,1,0,1,2.645751311,1.732050808,2.88444102,1.664331698,333,5.567764363,3.032546247,1,42.95,1,0,67,0,0,0,1.413775258,-0.466327913,181.4713042,1.8,46.3,8,175.6389627
195,33948,2,201.73,57.52,32.76,0,0,0,0,0,0,0,9.71,0,0,OFT,09/08/2021,8:03:00,1,171,2021,Male,32.364954,34.920902,185,6,0,0,0,2,0,0,0,1,5,1,29.18,29.18,NA,252,11,21.46,67,36.54,16.2,83.8,57,0,4,53,1,0,0,1.414213562,0,0,0,0,2.236067977,1,5.401851534,5.401851534,252,3.31662479,3.066190737,1,36.54,1,0,57,0,0,0,0.707518374,0.17337576,181.4713042,2.2,46.3,8,168.7318124
196,33948,3,235.77,57.52,32.76,0,0,0,0,0,0,0,9.71,0,0,OFT,16/08/2021,8:46:00,2,179,2021,Male,32.364954,34.920902,185,1,1,0,0,2,0,0,0,0,5,4,3.48,13.92,2.25,289,10,12.29,73,28.21,23.3,76.7,44,1,4,39,0,0,0,1.414213562,0,0,0,0,2.236067977,2,3.730951621,1.865475811,289,3.16227766,2.508785924,1,28.21,1,0,44,0,0,0,0.503644634,-0.999771755,181.4713042,0.7,46.3,8,176.6256984
197,33949,1,144.77,44.61,55.39,0,0,0,0,0,0,0,0,0,0,OFT,02/08/2021,11:24:00,8,174,2021,Female,32.360706,34.924861,189,12,0,0,0,3,0,1,0,2,12,4,4.63,18.5,1.55,171,37,31.25,62,52.56,10.7,89.3,82,0,0,82,1,0,0,1.732050808,0,1,0,1,3.464101615,2,4.301162634,2.151743479,171,6.08276253,3.442019376,1,52.56,1,0,82,0,0,0,0.799523156,1.04293006,188.8919518,2.3,96.21,8,173.931023
198,33949,2,223.57,44.61,55.39,0,0,0,0,0,0,0,0,0,0,OFT,09/08/2021,9:36:00,5,172,2021,Female,32.360706,34.924861,189,0,0,4,0,3,0,4,0,4,11,4,3.48,13.93,0.87,299,55,47.23,98,63.46,42.5,57.5,99,0,3,96,0,1,0,1.732050808,0,1,0,1,3.31662479,2,3.732291521,1.865475811,299,7.416198487,3.855029284,1,63.46,1,0,99,0,0,0,1.403184911,1.387983906,188.8919518,2.15,96.21,8,171.9318158
199,33949,3,140.97,44.61,55.39,0,0,0,0,0,0,0,0,0,0,OFT,16/08/2021,9:34:00,4,178,2021,Female,32.360706,34.924861,189,0,0,6,0,0,0,1,0,0,7,6,3.06,18.36,0.47,181,55,74.59,83,45.51,2.1,97.9,71,0,4,67,0,1,0,0,0,1,0,0,2.645751311,2.449489743,4.284857057,1.749285568,181,7.416198487,4.31200645,1,45.51,0,1,71,0,0,0,-1.828712512,1.743394196,188.8919518,2.46,96.21,8,177.9294373
200,33950,1,227.17,57.52,32.76,0,0,0,0,0,0,0,9.71,0,0,OFT,02/08/2021,12:38:00,11,154,2021,Female,32.364954,34.920902,162,0,0,0,0,3,0,1,0,0,11,0,0,0,NA,242,58,66.25,100,73.72,40.7,59.3,115,0,3,112,0,0,0,1.732050808,0,1,0,0,3.31662479,0,0,0,242,7.615773106,4.193435465,1,73.72,1,0,115,0,0,1,1.087920319,1.353180819,165.0217615,76,46.3,8,155.9860659
201,33950,2,256.2,57.52,32.76,0,0,0,0,0,0,0,9.71,0,0,OFT,09/08/2021,9:12:00,4,155,2021,Female,32.364954,34.920902,162,1,0,2,0,2,0,2,0,1,8,3,5.73,17.18,1.91,374,16,25.5,96,29.49,2.2,97.8,46,1,4,41,0,1,0,1.414213562,0,1,0,0,2.828427125,1.732050808,4.144876355,2.393741841,374,4,3.238678452,1,29.49,0,1,46,0,0,0,-0.425111389,-0.384689018,165.0217615,2.47,46.3,8,156.9989624
202,33950,3,83.97,57.52,32.76,0,0,0,0,0,0,0,9.71,0,0,OFT,16/08/2021,9:10:00,3,165,2021,Female,32.364954,34.920902,162,1,0,1,0,1,0,0,0,1,4,2,5.11,10.22,1.36,65,40,191.83,84,38.46,3.9,96.1,60,0,3,57,0,1,0,1,0,0,0,0,2,1.414213562,3.196873473,2.260530911,65,6.32455532,5.256609563,1,38.46,0,1,60,0,0,0,-1.826557833,1.995749347,165.0217615,1.56,46.3,8,167.1279277
203,50551,1,221.63,17.73,0,0,0,7.04,0,0,0,0,74.03,1.2,0,OFT,07/06/2022,8:05:00,2,192,2022,Male,32.529216,35.412536,204,0,0,0,0,2,0,0,0,2,3,2,4.15,8.29,0.99,250,58,71.21,94,53.85,12.5,87.5,84,0,4,80,0,0,0,1.414213562,0,0,0,1,1.732050808,1.414213562,2.87923601,2.037154879,250,7.615773106,4.265633258,1,53.85,1,0,84,0,0,0,0.766972432,1.215041403,199.1873248,17.64,0,6,188.8478747
204,50551,2,273.7,17.73,0,0,0,7.04,0,0,0,0,74.03,1.2,0,OFT,13/06/2022,9:09:00,3,194,2022,Male,32.529216,35.412536,204,1,0,0,0,3,0,0,0,2,3,3,5.33,15.98,1.2,350,23,23.2,94,32.05,14.1,85.9,50,2,5,43,0,0,0,1.732050808,0,0,0,1,1.732050808,1.732050808,3.997499218,2.308679276,350,4.795831523,3.144152279,1,32.05,1,0,50,1,0,0,1.04150554,-0.524951036,199.1873248,30.4,0,6,190.8150401
205,50551,3,223.17,17.73,0,0,0,7.04,0,0,0,0,74.03,1.2,0,OFT,21/06/2022,9:27:00,4,183,2022,Male,32.529216,35.412536,204,1,0,0,0,2,0,0,0,1,7,1,4.65,4.65,NA,237,70,66.15,100,44.87,8.5,91.5,70,2,0,68,0,0,0,1.414213562,0,0,0,0,2.645751311,1,2.156385865,2.156385865,237,8.366600265,4.191924891,1,44.87,0,1,70,1,0,1,-0.622146796,0.690875441,199.1873248,25.77,0,6,179.9956306
206,50552,1,84.9,17.73,0,0,0,7.04,0,0,0,0,74.03,1.2,0,OFT,07/06/2022,12:08:00,9,158,2022,Female,32.529216,35.412536,164,0,0,0,0,0,0,0,0,0,2,0,0,0,NA,75,41,82.08,66,32.05,1.1,98.9,50,0,1,49,0,0,0,0,0,0,0,0,1.414213562,0,0,0,75,6.403124237,4.407694381,1,32.05,0,1,50,0,1,0,-3.122557443,0.703173444,168.6820924,264.38,0,6,161.114103
207,50552,2,231.2,17.73,0,0,0,7.04,0,0,0,0,74.03,1.2,0,OFT,13/06/2022,11:34:00,8,154,2022,Female,32.529216,35.412536,164,0,0,0,0,2,1,0,0,1,6,1,10.28,10.28,NA,268,57,58.43,99,37.18,6.1,93.9,58,2,0,56,0,0,0,1.414213562,1,0,0,0,2.449489743,1,3.206243908,3.206243908,268,7.549834435,4.067829457,1,37.18,0,1,58,1,0,1,-0.593150466,0.454501488,168.6820924,85.83,0,6,157.035265
208,50552,3,53.9,17.73,0,0,0,7.04,0,0,0,0,74.03,1.2,0,OFT,21/06/2022,12:43:00,10,160,2022,Female,32.529216,35.412536,164,0,0,0,0,1,0,0,0,0,1,0,0,0,NA,73,53,129.17,73,24.36,0.7,99.3,38,1,3,34,0,0,0,1,0,0,0,0,1,0,0,0,73,7.280109889,4.861129366,1,24.36,0,1,38,0,0,0,-2.782800497,0.670201469,168.6820924,21.82,0,6,163.1535221
209,50553,1,230.67,7.39,0,0,0,0,3.22,0,0,0,89.13,0.26,0,OFT,07/06/2022,9:10:00,4,176,2022,Male,32.538802,35.410296,187,2,0,0,0,3,4,0,0,0,9,6,3.98,23.9,1.64,277,37,24.72,83,53.85,16.9,83.1,84,1,3,80,1,0,0,1.732050808,1,0,0,0,3,2.449489743,4.888762625,1.994993734,277,6.08276253,3.207612633,1,53.85,1,0,84,0,0,0,1.4385253,0.711956022,183.4331562,5.95,0,6,173.6654912
210,50553,2,281.8,7.39,0,0,0,0,3.22,0,0,0,89.13,0.26,0,OFT,13/06/2022,8:09:00,1,170,2022,Male,32.538802,35.410296,187,2,0,0,0,4,4,0,0,0,7,9,3.64,32.72,1.76,342,28,27.67,96,66.67,57,43,104,0,4,100,1,0,0,2,1,0,0,0,2.645751311,3,5.720139858,1.907878403,342,5.291502622,3.320348794,1,66.67,1,0,104,0,0,0,2.356977608,1.22233557,183.4331562,60.07,0,6,167.7450767
211,50553,3,261.53,7.39,0,0,0,0,3.22,0,0,0,89.13,0.26,0,OFT,21/06/2022,10:35:00,6,167,2022,Male,32.538802,35.410296,187,0,0,0,0,1,0,0,0,0,4,12,3.03,36.37,1.15,296,22,23.72,84,54.49,14.7,85.3,85,1,2,82,0,0,0,1,0,0,0,0,2,3.464101615,6.030754513,1.740689519,296,4.69041576,3.166318574,1,54.49,1,0,85,0,0,0,1.26469215,0.929550385,183.4331562,185.93,0,6,164.7848695
212,50559,1,159,0,98.33,0,0,0,0,0,0,0,0,1.67,0,OFT,21/06/2022,8:30:00,2,172,2022,Female,32.504095,35.45973,188,5,0,0,0,2,6,0,0,0,14,3,5.68,17.03,2.61,212,25,17.1,62,25,3.9,96.1,39,1,2,36,1,0,0,1.414213562,1,0,0,0,3.741657387,1.732050808,4.126742056,2.383275058,212,5,2.839078464,1,25,0,1,39,0,1,0,-1.071366717,-0.503464207,185.2713863,427.72,91.95,6,170.265215
213,50559,2,23.3,0,98.33,0,0,0,0,0,0,0,0,1.67,0,OFT,28/06/2022,9:25:00,4,175,2022,Female,32.504095,35.45973,188,1,0,1,0,0,3,0,0,0,0,3,4.46,13.39,0.92,28,8,10.33,13,26.92,5.1,94.9,42,0,0,42,0,1,0,0,1,0,0,0,0,1.732050808,3.659234893,2.111871208,28,2.828427125,2.335052283,0,26.92,0,1,42,0,1,0,-2.895864985,-0.136107846,185.2713863,482.04,91.95,6,173.2349571
214,50559,3,54.03,0,98.33,0,0,0,0,0,0,0,0,1.67,0,OFT,05/07/2022,10:09:00,8,174,2022,Female,32.504095,35.45973,188,0,0,0,0,0,0,0,0,1,0,2,4.03,8.06,1.05,27,24,92.5,69,33.97,1,99,53,2,0,51,0,0,0,0,0,0,0,0,0,1.414213562,2.839013913,2.00748599,27,4.898979486,4.527208645,1,33.97,0,1,53,1,1,0,-2.844832984,1.499004655,185.2713863,254.13,91.95,7,172.245043
215,50560,1,135.33,0,27.05,0,0,0,0.1,0,0,0,63.21,3.37,6.27,OFT,21/06/2022,11:47:00,8,168,2022,Female,32.501736,35.463026,171,1,0,0,0,4,3,0,0,1,7,1,5.65,5.65,NA,184,42,34.15,76,52.56,37.2,62.8,82,0,2,80,0,0,0,2,1,0,0,0,2.645751311,1,2.376972865,2.376972865,184,6.480740698,3.530762586,1,52.56,1,0,82,0,1,0,0.649919588,0.745609099,167.7383407,274.25,27.28,6,165.7716052
216,50560,2,228.5,0,27.05,0,0,0,0.1,0,0,0,63.21,3.37,6.27,OFT,28/06/2022,9:00:00,3,167,2022,Female,32.501736,35.463026,171,2,0,0,0,5,0,0,0,2,9,2,3.9,7.8,0.27,278,56,43.6,97,42.31,12.8,87.2,66,1,3,62,1,0,0,2.236067977,0,0,0,1,3,1.414213562,2.792848009,1.974841766,278,7.483314774,3.77505715,1,42.31,1,0,66,0,0,0,1.166671841,0.208214244,167.7383407,1.96,27.28,6,164.7848695
217,50560,3,135.07,0,27.05,0,0,0,0.1,0,0,0,63.21,3.37,6.27,OFT,05/07/2022,8:43:00,5,164,2022,Female,32.501736,35.463026,171,0,0,0,0,3,0,0,0,2,5,4,6.34,25.37,0.86,177,45,48.79,72,51.92,5.9,94.1,81,0,1,80,0,0,0,1.732050808,0,0,0,1,2.236067977,2,5.036864104,2.517935662,177,6.708203932,3.887525374,1,51.92,0,1,81,0,0,0,-0.280707277,1.541412988,167.7383407,195.76,27.28,7,161.8246622
218,50561,1,87.37,91.71,4.54,0,0,0,0,0,0,0,0,3.75,0,OFT,21/06/2022,12:17:00,9,163,2022,Female,32.546349,35.432439,177,2,0,0,0,0,1,0,0,0,3,8,3.43,27.41,1.15,152,44,58.03,79,26.92,9.4,90.6,42,1,3,38,1,0,0,0,1,0,0,0,1.732050808,2.828427125,5.235456045,1.852025918,152,6.633249581,4.060960118,1,26.92,0,1,42,0,0,0,-2.425157186,1.187905073,180.3015542,83.47,13.01,6,165.1021347
219,50561,2,133.83,91.71,4.54,0,0,0,0,0,0,0,0,3.75,0,OFT,28/06/2022,8:08:00,1,173,2022,Female,32.546349,35.432439,177,4,0,1,0,1,0,0,0,1,5,11,2.8,30.82,0.7,141,60,112.25,100,53.21,9.8,90.2,83,0,4,79,1,1,0,1,0,0,0,0,2.236067977,3.31662479,5.551576353,1.673320053,141,7.745966692,4.720728527,1,53.21,0,1,83,0,0,1,-0.789758034,2.433889422,180.3015542,58.53,13.01,6,175.2311
220,50561,3,124.63,91.71,4.54,0,0,0,0,0,0,0,0,3.75,0,OFT,05/07/2022,9:12:00,6,164,2022,Female,32.546349,35.432439,177,0,0,0,0,0,0,0,0,0,4,6,4.74,28.44,1.65,174,64,56.74,84,19.87,0.5,99.5,31,2,1,28,0,0,0,0,0,0,0,0,2,2.449489743,5.33291665,2.177154106,174,8,4.038479429,1,19.87,0,1,31,1,0,0,-2.35963357,0.770698224,180.3015542,109.9,13.01,7,166.1150312
221,50562,1,241,0,90.55,0,0,0,0,4.43,0,0,0.02,5,0,OFT,21/06/2022,7:58:00,1,169,2022,Male,32.496584,35.476612,183,8,0,0,0,3,0,0,0,3,7,2,9.34,18.69,4.18,314,33,29.33,90,44.87,37.5,62.5,70,0,5,65,1,0,0,1.732050808,0,0,0,1,2.645751311,1.414213562,4.323193264,3.056141358,314,5.744562647,3.378610883,1,44.87,1,0,70,0,1,0,1.18650901,0.338932605,177.8637313,308.7,75.04,6,165.6968154
222,50562,2,272.5,0,90.55,0,0,0,0,4.43,0,0,0.02,5,0,OFT,28/06/2022,8:34:00,2,171,2022,Male,32.496584,35.476612,183,4,0,0,0,3,0,1,0,2,7,2,7.45,14.9,1.7,338,40,34.9,100,53.85,48.2,51.8,84,0,2,82,1,0,0,1.732050808,0,1,0,1,2.645751311,1.414213562,3.860051813,2.729468813,338,6.32455532,3.552486829,1,53.85,1,0,84,0,0,1,1.502613664,0.624673885,177.8637313,91.39,75.04,6,167.6577244
223,50562,3,287,0,90.55,0,0,0,0,4.43,0,0,0.02,5,0,OFT,05/07/2022,11:38:00,11,170,2022,Male,32.496584,35.476612,183,3,0,0,0,2,0,3,0,1,7,2,6.62,13.25,0.81,377,20,25.16,100,30.13,10.4,89.6,47,2,2,43,1,0,0,1.414213562,0,1,0,0,2.645751311,1.414213562,3.640054945,2.572936066,377,4.472135955,3.225255432,1,30.13,0,0,47,1,0,1,0.778211707,-0.600190305,177.8637313,106.22,75.04,7,166.6772699
224,50563,1,272.57,0,90.55,0,0,0,0,4.43,0,0,0.02,5,0,OFT,21/06/2022,9:02:00,3,168,2022,Female,32.496584,35.476612,200,3,0,0,0,4,18,0,0,1,12,1,4.5,4.5,NA,325,25,32.84,93,54.49,54.3,45.7,85,0,3,82,1,0,0,2,1,0,0,0,3.464101615,1,2.121320344,2.121320344,325,5,3.491647285,1,54.49,1,0,85,0,0,0,1.463415721,0.241291318,198.0178899,89.13,75.04,6,166.8438056
225,50563,2,174.6,0,90.55,0,0,0,0,4.43,0,0,0.02,5,0,OFT,28/06/2022,10:13:00,5,169,2022,Female,32.496584,35.476612,200,1,0,1,0,4,9,3,0,3,5,4,4.57,18.29,2.83,249,41,51.89,84,36.54,6.2,93.8,57,2,1,54,0,1,0,2,1,1,0,1,2.236067977,2,4.276680956,2.137755833,249,6.403124237,3.949126093,1,36.54,0,1,57,1,1,0,-0.336651198,0.64256068,198.0178899,244.41,75.04,6,167.8369235
226,50563,3,262.17,0,90.55,0,0,0,0,4.43,0,0,0.02,5,0,OFT,05/07/2022,9:38:00,7,166,2022,Female,32.496584,35.476612,200,0,0,0,0,3,0,1,0,2,6,1,7.22,7.22,NA,343,28,34.94,97,22.44,0.9,99.1,35,2,0,33,0,0,0,1.732050808,0,1,0,1,2.449489743,1,2.687005769,2.687005769,343,5.291502622,3.553632305,1,22.44,0,1,35,1,1,0,-0.565020292,-0.77678246,198.0178899,338.22,75.04,7,164.8575698
227,50564,1,170.2,7.03,51.68,0,0,0,0,39.35,0,0,0,1.94,0,OFT,05/07/2022,7:42:00,3,179,2022,Male,32.475804,35.479851,195,0,0,0,0,4,0,0,0,1,10,6,4.97,29.81,1.52,205,44,53.81,77,59.62,13.9,86.1,93,0,2,91,0,0,0,2,0,0,0,0,3.16227766,2.449489743,5.459853478,2.229349681,205,6.633249581,3.985459324,1,59.62,1,0,93,0,0,0,1.444235905,1.795706321,202.535367,105.9,50.35,7,183.7681102
228,50564,2,231.3,7.03,51.68,0,0,0,0,39.35,0,0,0,1.94,0,OFT,12/07/2022,7:10:00,1,193,2022,Male,32.475804,35.479851,195,2,1,0,0,4,0,0,0,2,9,9,4.61,41.47,2.56,301,25,36.82,88,49.36,8.9,91.1,77,1,4,72,1,0,0,2,0,0,0,1,3,3,6.439720491,2.147091055,301,5,3.606041176,1,49.36,0,1,77,0,0,0,0.650095503,1.085814206,202.535367,0.35,50.35,7,198.141035
229,50564,3,235.67,7.03,51.68,0,0,0,0,39.35,0,0,0,1.94,0,OFT,19/07/2022,8:32,4,180,2022,Male,32.475804,35.479851,195,0,0,0,0,1,0,0,0,1,11,19,3.54,67.19,0.84,279,56,64.81,100,59.62,3.7,96.3,93,1,3,89,0,0,0,1,0,0,0,0,3.31662479,4.358898944,8.196950653,1.881488772,279,7.483314774,4.171459912,1,59.62,0,1,93,0,0,1,0.395747478,2.391057707,202.535367,76.37,50.35,7,184.7947477
230,50565,1,327.73,89.94,0,0,0,0,0.06,0,0,0,8.46,1.01,0.53,OFT,05/07/2022,12:06:00,12,160,2022,Male,32.494868,35.468137,169,5,0,0,2,5,5,0,0,1,6,3,4.81,14.42,0.56,392,10,16.04,98,28.21,0.3,99.7,44,2,2,40,1,0,1,2.236067977,1,0,0,0,2.449489743,1.732050808,3.797367509,2.19317122,392,3.16227766,2.775085602,1,28.21,0,1,44,1,0,0,1.178976495,-2.158727397,174.67352,10.44,10.87,7,163.7054293
231,50565,2,294.97,89.94,0,0,0,0,0.06,0,0,0,8.46,1.01,0.53,OFT,12/07/2022,8:51:00,5,169,2022,Male,32.494868,35.468137,169,0,0,0,1,5,0,1,0,3,4,4,2.53,10.1,2.08,363,19,35.17,100,28.85,56.5,43.5,45,1,4,40,0,0,1,2.236067977,0,1,0,1,2,2,3.178049716,1.590597372,363,4.358898944,3.560193446,1,28.85,1,0,45,0,0,1,1.929911727,-1.571889444,174.67352,75.88,10.87,7,172.9138597
232,50565,3,106.13,89.94,0,0,0,0,0.06,0,0,0,8.46,1.01,0.53,OFT,19/07/2022,7:35,2,166,2022,Male,32.494868,35.468137,169,0,0,0,0,2,0,0,0,2,5,1,4.23,4.23,NA,84,39,167.48,100,33.33,0.2,99.8,52,0,8,44,0,0,0,1.414213562,0,0,0,1,2.236067977,1,2.05669638,2.05669638,84,6.244997998,5.120863941,1,33.33,0,1,52,0,1,1,-1.67126695,1.329144073,174.67352,481.73,10.87,7,169.8443829
233,50566,1,24.73,89.94,0,0,0,0,0.06,0,0,0,8.46,1.01,0.53,OFT,05/07/2022,8:09:00,4,161,2022,Female,32.494868,35.468137,172,1,0,0,0,0,5,0,0,0,2,2,7.55,15.1,3.33,32,3,3.08,9,11.54,0,100,18,0,0,18,0,0,0,0,1,0,0,0,1.414213562,1.414213562,3.885871846,2.747726333,32,1.732050808,1.124929597,0,11.54,0,1,18,0,1,0,-3.124779719,-1.605729085,176.9104871,600,10.87,7,164.1732316
234,50566,2,354.93,89.94,0,0,0,0,0.06,0,0,0,8.46,1.01,0.53,OFT,12/07/2022,9:40:00,7,168,2022,Female,32.494868,35.468137,172,0,0,0,0,0,0,0,0,0,0,2,2.74,5.47,0.4,403,3,8.77,98,13.46,0.6,99.4,21,1,1,19,0,0,0,0,0,0,0,0,0,1.414213562,2.338803113,1.655294536,403,1.732050808,2.171336806,1,13.46,0,1,21,0,1,0,-1.462284058,-2.256366064,176.9104871,600,10.87,7,171.3111982
235,50566,3,349.6,89.94,0,0,0,0,0.06,0,0,0,8.46,1.01,0.53,OFT,19/07/2022,9:32,6,166,2022,Female,32.494868,35.468137,172,0,2,0,0,0,0,0,0,0,3,6,4.94,29.62,1.04,407,5,10.38,100,17.31,0.5,99.5,27,1,3,23,0,0,0,0,0,0,0,0,1.732050808,2.449489743,5.44242593,2.222611077,407,2.236067977,2.339880878,1,17.31,0,1,27,0,0,1,-0.95373239,-1.393342951,176.9104871,25.32,10.87,7,169.2717791
236,50572,1,296.2,72.74,1.96,0,0,0,21.92,0,0,0,3.38,0,0,OFT,05/07/2022,10:38:00,9,164,2022,Female,32.544543,35.396629,172,2,0,1,0,3,1,0,0,1,4,2,5.49,10.98,1.71,394,9,18.48,99,23.72,91.2,8.8,37,2,1,34,1,1,0,1.732050808,1,0,0,0,2,1.414213562,3.313608305,2.343074903,394,3,2.916689066,1,23.72,1,0,37,1,1,1,0.890446181,-1.232356492,173.5390009,286.76,6.12,7,165.016066
237,50572,2,220.7,72.74,1.96,0,0,0,21.92,0,0,0,3.38,0,0,OFT,12/07/2022,7:34:00,2,162,2022,Female,32.544543,35.396629,172,0,0,0,0,1,0,0,0,0,2,6,5.41,32.47,0.76,311,29,39.13,88,32.69,72.1,27.9,51,1,2,48,0,0,0,1,0,0,0,0,1.414213562,2.449489743,5.698245344,2.32594067,311,5.385164807,3.666889436,1,32.69,1,0,51,0,0,0,0.415406235,0.519539901,173.5390009,103.03,6.12,7,163.003675
238,50572,3,252.47,72.74,1.96,0,0,0,21.92,0,0,0,3.38,0,0,OFT,19/07/2022,7:09,1,162,2022,Female,32.544543,35.396629,172,0,0,2,2,4,0,1,0,1,2,3,5.63,16.9,4.17,378,8,20.29,95,20.51,74.7,25.3,32,2,1,29,0,1,1,2,0,1,0,0,1.414213562,1.732050808,4.110960958,2.372762104,378,2.828427125,3.010128154,1,20.51,1,0,32,1,0,0,1.489744384,-1.942087302,173.5390009,43.65,6.12,7,163.003675
239,50573,1,196.4,72.74,1.96,0,0,0,21.92,0,0,0,3.38,0,0,OFT,05/07/2022,11:07:00,10,163,2022,Male,32.544543,35.396629,180,0,0,0,0,1,21,0,0,1,6,5,4.69,23.44,1.15,230,54,54.72,96,32.69,9.2,90.8,51,0,5,46,0,0,0,1,1,0,0,0,2.449489743,2.236067977,4.841487375,2.165640783,230,7.348469228,4.002229273,1,32.69,0,1,51,0,1,0,-0.962664616,0.725896888,180.7497196,323.69,6.12,7,163.4704339
240,50573,2,164.93,72.74,1.96,0,0,0,21.92,0,0,0,3.38,0,0,OFT,12/07/2022,8:01:00,3,161,2022,Male,32.544543,35.396629,180,0,0,0,0,1,22,0,0,0,4,8,5.16,41.3,1.6,200,36,46.98,72,36.54,13,87,57,1,3,53,0,0,0,1,1,0,0,0,2,2.828427125,6.426507605,2.271563338,200,6,3.849721979,1,36.54,1,0,57,0,0,0,0.275045493,1.146135416,180.7497196,146.46,6.12,7,161.4646617
241,50573,3,75.17,72.74,1.96,0,0,0,21.92,0,0,0,3.38,0,0,OFT,19/07/2022,9:01,5,159,2022,Male,32.544543,35.396629,180,0,0,0,0,0,0,0,0,0,1,2,2.63,5.25,0.12,30,23,245.63,100,29.49,0.2,99.8,46,1,4,41,0,0,0,0,0,0,0,0,1,1.414213562,2.291287847,1.621727474,30,4.795831523,5.503826339,1,29.49,0,1,46,0,1,1,-2.987838833,1.862960545,180.7497196,310.33,6.12,7,159.4588895
242,50574,1,254.77,100,0,0,0,0,0,0,0,0,0,0,0,OFT,05/07/2022,7:07:00,2,176,2022,Male,32.534612,35.468487,184,0,0,0,0,2,13,0,0,2,4,4,7.09,28.35,0.74,319,32,27.54,94,40.38,39.8,60.2,63,2,3,58,0,0,0,1.414213562,1,0,0,1,2,2,5.324471805,2.662705391,319,5.656854249,3.315639493,1,40.38,1,0,63,1,1,0,1.077918381,0.300850018,190.1770868,600,0,7,180.0759722
243,50574,2,335.47,100,0,0,0,0,0,0,0,0,0,0,0,OFT,12/07/2022,9:16:00,6,171,2022,Male,32.534612,35.468487,184,0,0,0,0,0,15,0,0,0,3,3,4.77,14.32,0.24,403,4,12.04,99,16.03,34.2,65.8,25,3,0,22,0,0,0,0,1,0,0,0,1.732050808,1.732050808,3.784177586,2.184032967,403,2,2.48823444,1,16.03,1,0,25,1,0,1,-0.243254425,-1.610668436,190.1770868,3.57,0,7,174.9601775
244,50574,3,335.4,100,0,0,0,0,0,0,0,0,0,0,0,OFT,19/07/2022,8:07,3,173,2022,Male,32.534612,35.468487,184,0,0,0,0,0,16,0,0,0,2,5,4.06,20.31,1.1,395,6,9.77,97,28.21,79.4,20.6,44,1,1,42,0,0,0,0,1,0,0,0,1.414213562,2.236067977,4.506661736,2.014944168,395,2.449489743,2.279316466,1,28.21,1,0,44,0,0,0,0.171586669,-1.147259122,190.1770868,2.2,0,7,177.0064954
245,50575,1,234.03,100,0,0,0,0,0,0,0,0,0,0,0,OFT,05/07/2022,6:43:00,1,166,2022,Female,32.534612,35.468487,181,0,0,0,0,7,7,0,0,2,9,1,6.29,6.29,NA,282,51,50.6,96,64.1,50.2,49.8,100,0,3,97,0,0,0,2.645751311,1,0,0,1,3,1,2.507987241,2.507987241,282,7.141428429,3.923951576,1,64.1,1,0,100,0,0,0,1.969324605,1.042700143,181.7538848,2.4,0,7,166.4790922
246,50575,2,243.93,100,0,0,0,0,0,0,0,0,0,0,0,OFT,12/07/2022,8:27:00,4,174,2022,Female,32.534612,35.468487,181,2,0,3,0,2,2,5,0,1,12,5,4.75,23.75,0.91,310,49,29.19,94,42.95,23.3,76.7,67,0,5,62,1,1,0,1.414213562,1,1,0,0,3.464101615,2.236067977,4.873397172,2.179449472,310,7,3.373826185,1,42.95,1,0,67,0,0,0,1.00432532,0.403973126,181.7538848,2.07,0,7,174.502181
247,50575,3,206.77,100,0,0,0,0,0,0,0,0,0,0,0,OFT,19/07/2022,10:07,7,173,2022,Female,32.534612,35.468487,181,2,0,2,3,2,0,0,0,1,5,11,3.37,37.06,0.72,264,57,37.91,90,52.56,72.7,27.3,82,1,5,76,1,1,1,1.414213562,0,0,0,0,2.236067977,3.31662479,6.087692502,1.835755975,264,7.549834435,3.63521493,1,52.56,1,0,82,0,0,0,1.798479323,0.427877338,181.7538848,6.07,0,7,173.4992949
